دسته,نام محصول,تعداد عکس,عکس اصلی (کارت محصول),فایل اصلی در زیپ
آفتامات دینام,آفتامات دینام - مدل 1,4,آفتامات دینام - مدل 1 - 01 تکی.jpg,لیست قیمت/آفتامات دینام/افتا.jpg
آفتامات دینام,آفتامات دینام - مدل 2,4,آفتامات دینام - مدل 2 - 01 تکی.jpg,لیست قیمت/آفتامات دینام/افتامات.jpg
آفتامات دینام,آفتامات دینام - کد Aa01-46,4,آفتامات دینام - کد Aa01-46 - 01 تکی.jpg,لیست قیمت/آفتامات دینام/Aa01 (46).jpg
آفتامات دینام,آفتامات دینام - کد Aa01-53,4,آفتامات دینام - کد Aa01-53 - 01 تکی.jpg,لیست قیمت/آفتامات دینام/Aa01 (53).jpg
آفتامات دینام,آفتامات دینام 2000,4,آفتامات دینام 2000 - 01 تکی.jpg,لیست قیمت/آفتامات دینام/آفتامات دینام 2000.jpg
آفتامات دینام,آفتامات دینام 206 ماکوئی,4,آفتامات دینام 206 ماکوئی - 01 تکی.jpg,لیست قیمت/آفتامات دینام/آفتامات دینام 206 ماکوئی.jpg
آفتامات دینام,آفتامات دینام 206 کوتاه,4,آفتامات دینام 206 کوتاه - 01 تکی.jpg,لیست قیمت/آفتامات دینام/آفتامات دینام 206 کوتاه.jpg
آفتامات دینام,آفتامات دینام 405 ماکوئی,4,آفتامات دینام 405 ماکوئی - 01 تکی.jpg,لیست قیمت/آفتامات دینام/آفتامات دینام 405 ماکوئی.jpg
آفتامات دینام,آفتامات دینام آردی,4,آفتامات دینام آردی - 01 تکی.jpg,لیست قیمت/آفتامات دینام/آفتامات دینام آردی.jpg
آفتامات دینام,آفتامات دینام ال 90,4,آفتامات دینام ال 90 - 01 تکی.jpg,لیست قیمت/آفتامات دینام/آفتامات دینام ال 90.jpg
آفتامات دینام,آفتامات دینام ریو,4,آفتامات دینام ریو - 01 تکی.jpg,لیست قیمت/آفتامات دینام/آفتامات دینام ریو.jpg
آفتامات دینام,آفتامات دینام سمند سورن,4,آفتامات دینام سمند سورن - 01 تکی.jpg,لیست قیمت/آفتامات دینام/آفتامات دینام سمند سورن.jpg
آفتامات دینام,آفتامات دینام ماکویی - مدل 1,4,آفتامات دینام ماکویی - مدل 1 - 01 تکی.jpg,لیست قیمت/آفتامات دینام/ماکویی.jpg
آفتامات دینام,آفتامات دینام ماکویی - مدل 2,4,آفتامات دینام ماکویی - مدل 2 - 01 تکی.jpg,لیست قیمت/آفتامات دینام/ماکویی2.jpg
آفتامات دینام,آفتامات دینام پراید استام,4,آفتامات دینام پراید استام - 01 تکی.jpg,لیست قیمت/آفتامات دینام/آفتامات دینام پراید استام.jpg
آفتامات دینام,آفتامات دینام پراید انژکتور,4,آفتامات دینام پراید انژکتور - 01 تکی.jpg,لیست قیمت/آفتامات دینام/آفتامات دینام پراید انژکتور.jpg
آفتامات دینام,آفتامات دینام پراید فیش بالا,4,آفتامات دینام پراید فیش بالا - 01 تکی.jpg,لیست قیمت/آفتامات دینام/آفتامات دینام پراید فیش بالا.jpg
آفتامات دینام,آفتامات دینام پراید فیش بغل,4,آفتامات دینام پراید فیش بغل - 01 تکی.jpg,لیست قیمت/آفتامات دینام/آفتامات دینام پراید فیش بغل.jpg
آفتامات دینام,آفتامات دینام پراید کاربراتور,4,آفتامات دینام پراید کاربراتور - 01 تکی.jpg,لیست قیمت/آفتامات دینام/آفتامات دینام پراید کاربراتور.jpg
آفتامات دینام,آفتامات دینام پرشیا 1800,4,آفتامات دینام پرشیا 1800 - 01 تکی.jpg,لیست قیمت/آفتامات دینام/آفتامات دینام پرشیا 1800.jpg
آفتامات دینام,آفتامات دینام پژو مخالف,4,آفتامات دینام پژو مخالف - 01 تکی.jpg,لیست قیمت/آفتامات دینام/آفتامات دینام پژو مخالف.jpg
آفتامات دینام,آفتامات دینام پیکان,4,آفتامات دینام پیکان - 01 تکی.jpg,لیست قیمت/آفتامات دینام/آفتامات دینام پیکان.jpg
آفتامات دینام,مدول بخاری قدیم,4,مدول بخاری قدیم - 01 تکی.jpg,لیست قیمت/آفتامات دینام/مدول بخاری قدیم (2).jpg
آفتامات دینام,مگنت دلکو 2000,4,مگنت دلکو 2000 - 01 تکی.jpg,لیست قیمت/آفتامات دینام/مگنت دلکو 2000.jpg
آفتامات دینام,مگنت دلکو پراید,4,مگنت دلکو پراید - 01 تکی.jpg,لیست قیمت/آفتامات دینام/مگنت دلکو پراید.jpg
استپ موتور,استپ موتور 206,4,استپ موتور 206 - 01 تکی.jpg,لیست قیمت/استپ موتور/استپ موتور 206.jpg
استپ موتور,استپ موتور 405,4,استپ موتور 405 - 01 تکی.jpg,لیست قیمت/استپ موتور/استپ موتور 405.jpg
استپ موتور,استپ موتور ال 90,4,استپ موتور ال 90 - 01 تکی.jpg,لیست قیمت/استپ موتور/استپ موتور ال 90.jpg
استپ موتور,استپ موتور ریگلاژی,4,استپ موتور ریگلاژی - 01 تکی.jpg,لیست قیمت/استپ موتور/استپ موتور ریگلاژی.jpg
استپ موتور,استپ موتور نیسان,4,استپ موتور نیسان - 01 تکی.jpg,لیست قیمت/استپ موتور/استپ موتور نیسان.jpg
استپ موتور,استپ موتور پراید,4,استپ موتور پراید - 01 تکی.jpg,لیست قیمت/استپ موتور/استپ موتور پراید.jpg
استپ موتور,استپ موتور یورو 4,4,استپ موتور یورو 4 - 01 تکی.jpg,لیست قیمت/استپ موتور/استپ موتور یورو 4.jpg
ایربگ,ایربگ راست دنا و دناپلاس,4,ایربگ راست دنا و دناپلاس - 01 تکی.jpg,لیست قیمت/ایربگ/ایربگ راست دنا و دناپلاس.jpg
ایربگ,ایربگ راست سمند,4,ایربگ راست سمند - 01 تکی.jpg,لیست قیمت/ایربگ/ایربگ راست سمند .png
ایربگ,ایربگ راست سورن,4,ایربگ راست سورن - 01 تکی.jpg,لیست قیمت/ایربگ/ایربگ راست سورن .png
ایربگ,ایربگ راست پارس خاکستری,4,ایربگ راست پارس خاکستری - 01 تکی.jpg,لیست قیمت/ایربگ/ایربگ راست پارس خاگستری .png
ایربگ,ایربگ راست پراید,4,ایربگ راست پراید - 01 تکی.jpg,لیست قیمت/ایربگ/ایربگ راست پراید .png
ایربگ,ایربگ راست پژو 206,4,ایربگ راست پژو 206 - 01 تکی.jpg,لیست قیمت/ایربگ/ایربگ راست پژو 206.png
ایربگ,ایربگ راست پژو 207,4,ایربگ راست پژو 207 - 01 تکی.jpg,لیست قیمت/ایربگ/ایربگ راست پژو 207.png
ایربگ,ایربگ راست پژو پارس - آریسان مشکی,4,ایربگ راست پژو پارس - آریسان مشکی - 01 تکی.jpg,لیست قیمت/ایربگ/ایربگ راست پژو پارس -آریسان مشکی.png
ایربگ,ایربگ فرمان پژو پارس مشکی,4,ایربگ فرمان پژو پارس مشکی - 01 تکی.jpg,لیست قیمت/ایربگ/ایربگ فرمان پژو پارس مشکی .png
ایربگ,ایربگ چپ 405 مشکی,4,ایربگ چپ 405 مشکی - 01 تکی.jpg,لیست قیمت/ایربگ/ایربگ چپ  مشکی405.png
ایربگ,ایربگ چپ سمند,4,ایربگ چپ سمند - 01 تکی.jpg,لیست قیمت/ایربگ/ایربگ چپ سمند .png
ایربگ,ایربگ چپ سورن مشکی,4,ایربگ چپ سورن مشکی - 01 تکی.jpg,لیست قیمت/ایربگ/ایربگ چپ سورن مشکی .png
ایربگ,ایربگ چپ پراید,4,ایربگ چپ پراید - 01 تکی.jpg,لیست قیمت/ایربگ/ایربگ چپ پراید .png
ایربگ,ایربگ چپ پژو 206,4,ایربگ چپ پژو 206 - 01 تکی.jpg,لیست قیمت/ایربگ/ایربگ چپ پژو 206.png
ایربگ,ایربگ چپ پژو 207,4,ایربگ چپ پژو 207 - 01 تکی.jpg,لیست قیمت/ایربگ/ایربگ چپ پژو 207.png
ایربگ,مجموعه ایربگ های سورن بدون قاب,4,مجموعه ایربگ های سورن بدون قاب - 01 مجموعه کامل.jpg,لیست قیمت/ایربگ/مجموعه ایربگ های سورن بدون قابل .png
ایربگ,مجموعه ایربگ های پارس خاکستری,4,مجموعه ایربگ های پارس خاکستری - 01 مجموعه کامل.jpg,لیست قیمت/ایربگ/مجموعه ایربگ های پارس خاکستری.png
ایربگ,مجموعه ایربگ های چپ و راست پراید,4,مجموعه ایربگ های چپ و راست پراید - 01 مجموعه کامل.jpg,لیست قیمت/ایربگ/مجموعه ایربگ های چپ و راست پراید .png
ایربگ,مجموعه ایربگ چپ و راست 207,4,مجموعه ایربگ چپ و راست 207 - 01 مجموعه کامل.jpg,لیست قیمت/ایربگ/مجموعه ایربگ چپ و راست 207.png
ایربگ,مجموعه ایربگ چپ و کیسه هوا سرنشین بدون قاب (ایمن، کروز و اندیشه),2,مجموعه ایربگ چپ و کیسه هوا سرنشین بدون قاب (ایمن، کروز و اندیشه) - 01 مجموعه کامل.jpg,لیست قیمت/ایربگ/مجموعه ایربگ چپ و کیسه هوا سرنشین   بدون قاب مشترک در 3مدل ایمن کروز و اندیشه .png
ایربگ,کیسه هوا سرنشین دنا بدون قاب (کروز),4,کیسه هوا سرنشین دنا بدون قاب (کروز) - 01 تکی.jpg,لیست قیمت/ایربگ/کیسه هوا سرنشین دنا بدون قاب،کروز  .png
بلبرینگ جات و فولی هرزگرد,بلبرینگ - مدل 1,4,بلبرینگ - مدل 1 - 01 تکی.jpg,لیست قیمت/بلبرینگ جات و فولی هرزگرد/بلبرینگ.jpg
بلبرینگ جات و فولی هرزگرد,بلبرینگ - مدل 2,4,بلبرینگ - مدل 2 - 01 مجموعه کامل.jpg,لیست قیمت/بلبرینگ جات و فولی هرزگرد/بلبل.jpg
بلبرینگ جات و فولی هرزگرد,بلبرینگ 206 سوراخ تنگ پایین,4,بلبرینگ 206 سوراخ تنگ پایین - 01 تکی.jpg,لیست قیمت/بلبرینگ جات و فولی هرزگرد/بلبرینگ 206 سوراخ تنگ پایین.png
بلبرینگ جات و فولی هرزگرد,بلبرینگ 206 سوراخ گشاد بالا,4,بلبرینگ 206 سوراخ گشاد بالا - 01 تکی.jpg,لیست قیمت/بلبرینگ جات و فولی هرزگرد/بلبرینگ 206 سوراخ گشاد بالا.jpg
بلبرینگ جات و فولی هرزگرد,بلبرینگ تایم 405,4,بلبرینگ تایم 405 - 01 تکی.jpg,لیست قیمت/بلبرینگ جات و فولی هرزگرد/بلبرینگ تایم 405.png
بلبرینگ جات و فولی هرزگرد,بلبرینگ تایم ثابت تیپ 5,4,بلبرینگ تایم ثابت تیپ 5 - 01 تکی.jpg,لیست قیمت/بلبرینگ جات و فولی هرزگرد/بلبرینگ تایم ثابت تیپ 5.png
بلبرینگ جات و فولی هرزگرد,بلبرینگ تایم ثابت سمند ملی,5,بلبرینگ تایم ثابت سمند ملی - 01 تکی.jpg,لیست قیمت/بلبرینگ جات و فولی هرزگرد/بلبرینگ تایم ثابت سمند ملی.png
بلبرینگ جات و فولی هرزگرد,بلبرینگ تایم متحرک 206 تیپ 2,4,بلبرینگ تایم متحرک 206 تیپ 2 - 01 تکی.jpg,لیست قیمت/بلبرینگ جات و فولی هرزگرد/بلبرینگ تایم متحرک 206 تیپ 2.png
بلبرینگ جات و فولی هرزگرد,بلبرینگ تایم متحرک 206 تیپ 5,4,بلبرینگ تایم متحرک 206 تیپ 5 - 01 تکی.jpg,لیست قیمت/بلبرینگ جات و فولی هرزگرد/بلبرینگ تایم متحرک 206 تیپ 5.png
بلبرینگ جات و فولی هرزگرد,بلبرینگ تایم پراید,4,بلبرینگ تایم پراید - 01 تکی.jpg,لیست قیمت/بلبرینگ جات و فولی هرزگرد/بلبرینگ تایم پراید.png
بلبرینگ جات و فولی هرزگرد,بلبرینگ ژامبون 206,4,بلبرینگ ژامبون 206 - 01 مجموعه کامل.jpg,لیست قیمت/بلبرینگ جات و فولی هرزگرد/بلبرینگ ژامبون 206.jpg
بلبرینگ جات و فولی هرزگرد,بلبرینگ ژامبون 206 SD,4,بلبرینگ ژامبون 206 SD - 01 مجموعه کامل.jpg,لیست قیمت/بلبرینگ جات و فولی هرزگرد/بلبرینگ ژامبون 206 SD.jpg
بلبرینگ جات و فولی هرزگرد,بلبرینگ ژامبون 405,4,بلبرینگ ژامبون 405 - 01 مجموعه کامل.jpg,لیست قیمت/بلبرینگ جات و فولی هرزگرد/بلبرینگ ژامبون 405.jpg
بلبرینگ جات و فولی هرزگرد,بلبرینگ کلاج 405,4,بلبرینگ کلاج 405 - 01 تکی.jpg,لیست قیمت/بلبرینگ جات و فولی هرزگرد/بلبرینگ کلاج 405.jpg
بلبرینگ جات و فولی هرزگرد,فولی هرزگرد 405,4,فولی هرزگرد 405 - 01 تکی.jpg,لیست قیمت/بلبرینگ جات و فولی هرزگرد/فولی هرزگرد 405.jpg
بلبرینگ جات و فولی هرزگرد,فولی هرزگرد B سمند ملی,4,فولی هرزگرد B سمند ملی - 01 تکی.jpg,لیست قیمت/بلبرینگ جات و فولی هرزگرد/فولی هرزگرد B سمند ملی.jpg
بلبرینگ جات و فولی هرزگرد,فولی هرزگرد C سمند ملی,4,فولی هرزگرد C سمند ملی - 01 تکی.jpg,لیست قیمت/بلبرینگ جات و فولی هرزگرد/فولی هرزگرد C سمند ملی.png
بلبرینگ جات و فولی هرزگرد,فولی هرزگرد پایه دار سمند ملی,4,فولی هرزگرد پایه دار سمند ملی - 01 تکی.jpg,لیست قیمت/بلبرینگ جات و فولی هرزگرد/فولی هرزگرد پایه دار سمند ملی.jpg
بلبرینگ جات و فولی هرزگرد,هرزگرد دینام 206,4,هرزگرد دینام 206 - 01 تکی.jpg,لیست قیمت/بلبرینگ جات و فولی هرزگرد/هرزگرد دینام 206.png
بلبرینگ جات و فولی هرزگرد,هرزگرد دینام 405,4,هرزگرد دینام 405 - 01 تکی.jpg,لیست قیمت/بلبرینگ جات و فولی هرزگرد/هرزگرد دینام 405.png
بلبرینگ جات و فولی هرزگرد,هرزگرد دینام R2,4,هرزگرد دینام R2 - 01 تکی.jpg,لیست قیمت/بلبرینگ جات و فولی هرزگرد/هرزگرد دینام R2.png
بوق,بوق 206,4,بوق 206 - 01 تکی.jpg,لیست قیمت/بوق/بوق 206.jpg
بوق,بوق 405,4,بوق 405 - 01 تکی.jpg,لیست قیمت/بوق/بوق 405.jpg
بوق,بوق پراید,4,بوق پراید - 01 تکی.jpg,لیست قیمت/بوق/بوق پراید.jpg
ترموستات درب رادیات,ترموستات 206,4,ترموستات 206 - 01 تکی.jpg,لیست قیمت/ترموستات درب رادیات/ترموستات 206.png
ترموستات درب رادیات,ترموستات 405,4,ترموستات 405 - 01 تکی.jpg,لیست قیمت/ترموستات درب رادیات/ترموستات 405.png
ترموستات درب رادیات,ترموستات پراید,4,ترموستات پراید - 01 تکی.jpg,لیست قیمت/ترموستات درب رادیات/ترموستات پراید.png
ترموستات درب رادیات,ترموستات پراید یورو 4,4,ترموستات پراید یورو 4 - 01 تکی.jpg,لیست قیمت/ترموستات درب رادیات/ترموستات پراید یورو 4.png
ترموستات درب رادیات,درب رادیات پراید فلزی,4,درب رادیات پراید فلزی - 01 تکی.jpg,لیست قیمت/ترموستات درب رادیات/درب رادیات پراید فلزی.png
ترموستات درب رادیات,درب منبع انبساط 206,4,درب منبع انبساط 206 - 01 تکی.jpg,لیست قیمت/ترموستات درب رادیات/درب منبع انبساط 206.png
تسمه دینام تسمه تایم,تسمه تایم,4,تسمه تایم - 01 تکی.jpg,لیست قیمت/تسمه دینام تسمه تایم/d (33).jpg
تسمه دینام تسمه تایم,تسمه دینام - مدل 1,4,تسمه دینام - مدل 1 - 01 تکی.jpg,لیست قیمت/تسمه دینام تسمه تایم/d (35).jpg
تسمه دینام تسمه تایم,تسمه دینام - مدل 2,4,تسمه دینام - مدل 2 - 01 تکی.jpg,لیست قیمت/تسمه دینام تسمه تایم/d (36).jpg
تسمه دینام تسمه تایم,تسمه دینام شیاردار,4,تسمه دینام شیاردار - 01 تکی.jpg,لیست قیمت/تسمه دینام تسمه تایم/d (34).jpg
تقویت شیشه بالابر و پمپ درب یونیت,تقویت شیشه بالابر 405,4,تقویت شیشه بالابر 405 - 01 تکی.jpg,لیست قیمت/تقویت شیشه بالابر و پمپ درب یونیت/تقویت شیشه بالابر 405.jpg
تقویت شیشه بالابر و پمپ درب یونیت,تقویت شیشه بالابر پراید,4,تقویت شیشه بالابر پراید - 01 تکی.jpg,لیست قیمت/تقویت شیشه بالابر و پمپ درب یونیت/تقویت شیشه بالابر پراید.jpg
تقویت شیشه بالابر و پمپ درب یونیت,پمپ درب 5 فیش و دو فیش,4,پمپ درب 5 فیش و دو فیش - 01 تکی.jpg,لیست قیمت/تقویت شیشه بالابر و پمپ درب یونیت/پمپ درب 5 فیش و دو فیش.jpg
تقویت شیشه بالابر و پمپ درب یونیت,پمپ درب میله دار,4,پمپ درب میله دار - 01 تکی.jpg,لیست قیمت/تقویت شیشه بالابر و پمپ درب یونیت/پمپ درب میله دار.jpg
تقویت شیشه بالابر و پمپ درب یونیت,پمپ درب پراید 5 سیم,4,پمپ درب پراید 5 سیم - 01 تکی.jpg,لیست قیمت/تقویت شیشه بالابر و پمپ درب یونیت/پمپ درب پراید 5 سیم.jpg
تقویت شیشه بالابر و پمپ درب یونیت,پمپ درب پراید دو سیم,4,پمپ درب پراید دو سیم - 01 تکی.jpg,لیست قیمت/تقویت شیشه بالابر و پمپ درب یونیت/پمپ درب پراید دو سیم.jpg
تقویت شیشه بالابر و پمپ درب یونیت,پمپ صندوق 405,4,پمپ صندوق 405 - 01 تکی.jpg,لیست قیمت/تقویت شیشه بالابر و پمپ درب یونیت/پمپ صندوق 405.jpg
تقویت شیشه بالابر و پمپ درب یونیت,یونیت شیشه بالابر 405,4,یونیت شیشه بالابر 405 - 01 تکی.jpg,لیست قیمت/تقویت شیشه بالابر و پمپ درب یونیت/یونیت شیشه بالابر 405.jpg
تقویت شیشه بالابر و پمپ درب یونیت,یونیت قفل مرکزی 405,4,یونیت قفل مرکزی 405 - 01 تکی.jpg,لیست قیمت/تقویت شیشه بالابر و پمپ درب یونیت/یونیت قفل مرکزی 405.jpg
تقویت شیشه بالابر و پمپ درب یونیت,یونیت قفل مرکزی پراید جدید,4,یونیت قفل مرکزی پراید جدید - 01 تکی.jpg,لیست قیمت/تقویت شیشه بالابر و پمپ درب یونیت/یونیت قفل مرکزی پراید جدید.jpg
تقویت شیشه بالابر و پمپ درب یونیت,یونیت قفل مرکزی پراید قدیم,4,یونیت قفل مرکزی پراید قدیم - 01 تکی.jpg,لیست قیمت/تقویت شیشه بالابر و پمپ درب یونیت/یونیت قفل مرکزی پراید قدیم.jpg
جعبه فیوز,جعبه فیوز بزرگ,4,جعبه فیوز بزرگ - 01 تکی.jpg,لیست قیمت/جعبه فیوز/جعبه فیوز بزرگ.jpg
جعبه فیوز,جعبه فیوز داخل موتور BSM 206,4,جعبه فیوز داخل موتور BSM 206 - 01 تکی.jpg,لیست قیمت/جعبه فیوز/جعبه فیوز داخل موتور BSM 206.png
جعبه فیوز,جعبه فیوز داخل موتور پراید,4,جعبه فیوز داخل موتور پراید - 01 تکی.jpg,لیست قیمت/جعبه فیوز/جعبه فیوز داخل موتور پراید.jpg
جعبه فیوز,جعبه فیوز داخل موتور پیکان,4,جعبه فیوز داخل موتور پیکان - 01 تکی.jpg,لیست قیمت/جعبه فیوز/جعبه فیوز داخل موتور پیکان.jpg
جعبه فیوز,جعبه فیوز کوچک,4,جعبه فیوز کوچک - 01 تکی.jpg,لیست قیمت/جعبه فیوز/جعبه فیوز کوچک.jpg
جعبه فیوز,شاه فیوز پراید,5,شاه فیوز پراید - 01 مجموعه کامل.jpg,لیست قیمت/جعبه فیوز/شاه فیوز پراید.jpg
دریچه گاز کامل,دریچه گاز 206 تیپ 2 مکانیکی,4,دریچه گاز 206 تیپ 2 مکانیکی - 01 تکی.jpg,لیست قیمت/دریچه گاز کامل/دریچه گاز 206 تیپ 2 مکانیکی.jpg
دریچه گاز کامل,دریچه گاز کامل 206 تیپ 5 برقی,4,دریچه گاز کامل 206 تیپ 5 برقی - 01 تکی.jpg,لیست قیمت/دریچه گاز کامل/دریچه گاز کامل 206 تیپ 5 برقی.png
دریچه گاز کامل,دریچه گاز کامل 405 زیمنس,4,دریچه گاز کامل 405 زیمنس - 01 تکی.jpg,لیست قیمت/دریچه گاز کامل/دریچه گاز کامل 405 زیمنس.jpg
دریچه گاز کامل,دریچه گاز کامل 405 ساژم,4,دریچه گاز کامل 405 ساژم - 01 تکی.jpg,لیست قیمت/دریچه گاز کامل/دریچه گاز کامل 405 ساژم.jpg
دریچه گاز کامل,دریچه گاز کامل پراید زیمنس,4,دریچه گاز کامل پراید زیمنس - 01 تکی.jpg,لیست قیمت/دریچه گاز کامل/دریچه گاز کامل پراید زیمنس.jpg
دریچه گاز کامل,دریچه گاز کامل پراید ساژم - پیکان,4,دریچه گاز کامل پراید ساژم - پیکان - 01 تکی.jpg,لیست قیمت/دریچه گاز کامل/دریچه گاز کامل پراید ساژم-پیکان.jpg
دسته راهنما و دسته برف پاک کن,دسته برف پاک کن 206,4,دسته برف پاک کن 206 - 01 تکی.jpg,لیست قیمت/دسته راهنما و دسته برف پاک کن/دسته برف پاک کن 206.jpg
دسته راهنما و دسته برف پاک کن,دسته برف پاک کن 405,4,دسته برف پاک کن 405 - 01 تکی.jpg,لیست قیمت/دسته راهنما و دسته برف پاک کن/دسته برف پاک کن 405.jpg
دسته راهنما و دسته برف پاک کن,دسته برف پاک کن سمند,4,دسته برف پاک کن سمند - 01 تکی.jpg,لیست قیمت/دسته راهنما و دسته برف پاک کن/دسته برف پاک کن سمند.jpg
دسته راهنما و دسته برف پاک کن,دسته راهنما 206,4,دسته راهنما 206 - 01 تکی.jpg,لیست قیمت/دسته راهنما و دسته برف پاک کن/دسته راهنما 206.jpg
دسته راهنما و دسته برف پاک کن,دسته راهنما 3 سیم و 5 سیم L90,4,دسته راهنما 3 سیم و 5 سیم L90 - 01 تکی.jpg,لیست قیمت/دسته راهنما و دسته برف پاک کن/دسته راهنما 3 سیم و 5 سیم L90.jpg
دسته راهنما و دسته برف پاک کن,دسته راهنما 405,4,دسته راهنما 405 - 01 تکی.jpg,لیست قیمت/دسته راهنما و دسته برف پاک کن/دسته راهنما 405.jpg
دسته راهنما و دسته برف پاک کن,دسته راهنما سمند,4,دسته راهنما سمند - 01 تکی.jpg,لیست قیمت/دسته راهنما و دسته برف پاک کن/دسته راهنما سمند.jpg
دسته راهنما و دسته برف پاک کن,دسته راهنما پراید,4,دسته راهنما پراید - 01 تکی.jpg,لیست قیمت/دسته راهنما و دسته برف پاک کن/دسته راهنما پراید.jpg
دسته راهنما و دسته برف پاک کن,دسته راهنما پیکان,4,دسته راهنما پیکان - 01 تکی.jpg,لیست قیمت/دسته راهنما و دسته برف پاک کن/دسته راهنما پیکان.jpg
دسته راهنما و دسته برف پاک کن,ذغال دسته راهنما جدید,4,ذغال دسته راهنما جدید - 01 تکی.jpg,لیست قیمت/دسته راهنما و دسته برف پاک کن/ذغال دسته راهنما جدید.jpg
دسته راهنما و دسته برف پاک کن,کیت دسته راهنما پراید,4,کیت دسته راهنما پراید - 01 تکی.jpg,لیست قیمت/دسته راهنما و دسته برف پاک کن/کیت دسته راهنما پراید.jpg
دنده استارت,دنده استارت - مدل 1,4,دنده استارت - مدل 1 - 01 تکی.jpg,لیست قیمت/دنده استارت/d (46).jpg
دنده استارت,دنده استارت - مدل 2,4,دنده استارت - مدل 2 - 01 تکی.jpg,لیست قیمت/دنده استارت/d (47).jpg
دنده استارت,دنده استارت - مدل 3,4,دنده استارت - مدل 3 - 01 تکی.jpg,لیست قیمت/دنده استارت/d (48).jpg
رله جات,آفتامات چراغ,4,آفتامات چراغ - 01 تکی.jpg,لیست قیمت/رله جات/آفتامات چراغ.jpg
رله جات,اتوماتیک راهنما 405,4,اتوماتیک راهنما 405 - 01 تکی.jpg,لیست قیمت/رله جات/اتوماتیک راهنما 405.jpg
رله جات,اتوماتیک راهنما پراید,4,اتوماتیک راهنما پراید - 01 تکی.jpg,لیست قیمت/رله جات/اتوماتیک راهنما پراید.jpg
رله جات,رله جات UFO اصلی,2,رله جات UFO اصلی - 01 مجموعه کامل.jpg,لیست قیمت/رله جات/رله جات UFO  اصلی.png
رله جات,رله دو قلو پراید,4,رله دو قلو پراید - 01 تکی.jpg,لیست قیمت/رله جات/رله دو قلو پراید.jpg
رله جات,رله دوبل شیشه ای,4,رله دوبل شیشه ای - 01 تکی.jpg,لیست قیمت/رله جات/رله دوبل شیشه ای.png
رله جات,رله دوبل مشکی,4,رله دوبل مشکی - 01 تکی.jpg,لیست قیمت/رله جات/رله دوبل مشکی.png
رله جات,رله دوبل مشکی UFO اصلی,4,رله دوبل مشکی UFO اصلی - 01 تکی.jpg,لیست قیمت/رله جات/رله دوبل مشکی UFO  اصلی.png
رله جات,رله زرد,4,رله زرد - 01 تکی.jpg,لیست قیمت/رله جات/رله زرد.jpg
رله جات,رله سبز 206,4,رله سبز 206 - 01 تکی.jpg,لیست قیمت/رله جات/رله سبز 206.jpg
رله جات,رله سه قلو پراید,4,رله سه قلو پراید - 01 تکی.jpg,لیست قیمت/رله جات/رله سه قلو پراید.jpg
رله جات,رله صورتی L90,4,رله صورتی L90 - 01 تکی.jpg,لیست قیمت/رله جات/رله صورتی L90.jpg
رله جات,رله فن 405 شیشه ای,4,رله فن 405 شیشه ای - 01 تکی.jpg,لیست قیمت/رله جات/رله فم 405 شیشه ای.jpg
رله جات,رله فن UFO 405 مشکی,4,رله فن UFO 405 مشکی - 01 تکی.jpg,لیست قیمت/رله جات/رله فن UFO  405 مشکی.png
رله جات,رله فن پراید انژکتور,4,رله فن پراید انژکتور - 01 تکی.jpg,لیست قیمت/رله جات/رله فن پراید انژکتور.jpg
رله جات,رله فن پراید کاربراتور,4,رله فن پراید کاربراتور - 01 تکی.jpg,لیست قیمت/رله جات/رله فن پراید کاربرات.jpg
رله جات,رله مشکی,4,رله مشکی - 01 تکی.jpg,لیست قیمت/رله جات/رله مشکی.jpg
رله جات,رله کتابی 4 فیش,2,رله کتابی 4 فیش - 01 مجموعه کامل.jpg,لیست قیمت/رله جات/رله کتابی 4 فیش.jpg
رله جات,رله کتابی 5 فیش,5,رله کتابی 5 فیش - 01 مجموعه کامل.jpg,لیست قیمت/رله جات/رله کتابی 5 فیش.jpg
رله جات,رله کتابی سوزنی,4,رله کتابی سوزنی - 01 تکی.jpg,لیست قیمت/رله جات/رله کتابی سوزنی.jpg
سوزن انژکتور,سوزن انژکتور 206 - پیکان,4,سوزن انژکتور 206 - پیکان - 01 تکی.jpg,لیست قیمت/سوزن انژکتور/سوزن انژکتور 206 - پیکان.jpg
سوزن انژکتور,سوزن انژکتور 405 تپل قدیم,4,سوزن انژکتور 405 تپل قدیم - 01 تکی.jpg,لیست قیمت/سوزن انژکتور/سوزن انژکتور 405 تپل قدیم.png
سوزن انژکتور,سوزن انژکتور SD,4,سوزن انژکتور SD - 01 تکی.jpg,لیست قیمت/سوزن انژکتور/اس دی-no-bg.png
سوزن انژکتور,سوزن انژکتور SSAT,4,سوزن انژکتور SSAT - 01 تکی.jpg,لیست قیمت/سوزن انژکتور/ssat-no-bg.png
سوزن انژکتور,سوزن انژکتور ال 90,4,سوزن انژکتور ال 90 - 01 تکی.jpg,لیست قیمت/سوزن انژکتور/ال90-no-bg.png
سوزن انژکتور,سوزن انژکتور ریو,4,سوزن انژکتور ریو - 01 تکی.jpg,لیست قیمت/سوزن انژکتور/ریو-no-bg.png
سوزن انژکتور,سوزن انژکتور ساژم مشکی,4,سوزن انژکتور ساژم مشکی - 01 تکی.jpg,لیست قیمت/سوزن انژکتور/ساژم مشکی-no-bg.png
سوزن انژکتور,سوزن انژکتور سوکت بیضی,4,سوزن انژکتور سوکت بیضی - 01 تکی.jpg,لیست قیمت/سوزن انژکتور/سوکت بیضی-no-bg.png
سوزن انژکتور,سوزن انژکتور مزدا,4,سوزن انژکتور مزدا - 01 تکی.jpg,لیست قیمت/سوزن انژکتور/مزدا-no-bg.png
سوزن انژکتور,سوزن انژکتور نیسان میله دار,4,سوزن انژکتور نیسان میله دار - 01 تکی.jpg,لیست قیمت/سوزن انژکتور/سوزن انژکتور نیسان میله دار.png
سوزن انژکتور,سوزن انژکتور پراید ساژم مربع,4,سوزن انژکتور پراید ساژم مربع - 01 تکی.jpg,لیست قیمت/سوزن انژکتور/پراید ساژم مربع-no-bg.png
سوزن انژکتور,سوزن انژکتور پژو زیمنس کوتاه,4,سوزن انژکتور پژو زیمنس کوتاه - 01 تکی.jpg,لیست قیمت/سوزن انژکتور/سوزن انژکتور پژو زیمنس کوتاه.jpg
سوکت,جا لامپی - مدل 1,4,جا لامپی - مدل 1 - 01 تکی.jpg,لیست قیمت/سوکت/جالامپ.jpg
سوکت,جا لامپی - مدل 2,4,جا لامپی - مدل 2 - 01 تکی.jpg,لیست قیمت/سوکت/جالامپی2.jpg
سوکت,جا لامپی راهنما 206,4,جا لامپی راهنما 206 - 01 تکی.jpg,لیست قیمت/سوکت/جا لامپی راهنما 206.jpg
سوکت,جا لامپی چراغ کوچک 206,4,جا لامپی چراغ کوچک 206 - 01 تکی.jpg,لیست قیمت/سوکت/جا لامپی چراغ کوچک 206.jpg
سوکت,جا لامپی چراغ کوچک 405,4,جا لامپی چراغ کوچک 405 - 01 تکی.jpg,لیست قیمت/سوکت/جا لامپی چراغ کوچک 405.jpg
سوکت,خار کامپیوتر,2,خار کامپیوتر - 01 مجموعه کامل.jpg,لیست قیمت/سوکت/خار کامپیوتر.jpg
سوکت,سوکت BSM 206 سه رنگ,2,سوکت BSM 206 سه رنگ - 01 مجموعه کامل.jpg,لیست قیمت/سوکت/سوکت BSM 206 سه رنگ.jpg
سوکت,سوکت استپ موتور,4,سوکت استپ موتور - 01 تکی.jpg,لیست قیمت/سوکت/سوکت استپ موتور.jpg
سوکت,سوکت تبدیل دینام پراید مادگی,4,سوکت تبدیل دینام پراید مادگی - 01 تکی.jpg,لیست قیمت/سوکت/سوکت تبدیل دینام پراید مادگی.jpg
سوکت,سوکت تبدیل دینام پراید نری,4,سوکت تبدیل دینام پراید نری - 01 تکی.jpg,لیست قیمت/سوکت/سوکت تبدیل دینام پراید نری.jpg
سوکت,سوکت تبدیل چراغ 206 به پرشیا,4,سوکت تبدیل چراغ 206 به پرشیا - 01 تکی.jpg,لیست قیمت/سوکت/سوکت تبدیل چراغ 206 به پرشیا.jpg
سوکت,سوکت تبدیل چراغ 206 قدیم به جدید,4,سوکت تبدیل چراغ 206 قدیم به جدید - 01 تکی.jpg,لیست قیمت/سوکت/سوکت تبدیل چراغ 206 قدیم به جدید.jpg
سوکت,سوکت تبدیل چراغ پراید 131,4,سوکت تبدیل چراغ پراید 131 - 01 تکی.jpg,لیست قیمت/سوکت/سوکت تبدیل چراغ پراید 131.jpg
سوکت,سوکت جا رله ای,4,سوکت جا رله ای - 01 تکی.jpg,لیست قیمت/سوکت/سوکت جا رله ای.jpg
سوکت,سوکت جا فیوزی,3,سوکت جا فیوزی - 01 تکی.jpg,لیست قیمت/سوکت/سوکت جا فیوزی.jpg
سوکت,سوکت جعبه فیوز کالسکه ای 3 رنگ,2,سوکت جعبه فیوز کالسکه ای 3 رنگ - 01 مجموعه کامل.jpg,لیست قیمت/سوکت/سوکت جعبه فیوز کالسکه ای 3 رنگ.jpg
سوکت,سوکت خطر عقب پراید 131,4,سوکت خطر عقب پراید 131 - 01 تکی.jpg,لیست قیمت/سوکت/سوکت خطر عقب پراید 131.jpg
سوکت,سوکت خطر عقب پراید قدیم,4,سوکت خطر عقب پراید قدیم - 01 تکی.jpg,لیست قیمت/سوکت/سوکت خطر عقب پراید قدیم.jpg
سوکت,سوکت دریچه گاز سمند ملی,4,سوکت دریچه گاز سمند ملی - 01 تکی.jpg,لیست قیمت/سوکت/سوکت دریچه گاز سمند ملی.jpg
سوکت,سوکت دسته برف پاک کن,4,سوکت دسته برف پاک کن - 01 تکی.jpg,لیست قیمت/سوکت/سوکت دسته برف پاک کن.jpg
سوکت,سوکت دسته راهنما بزرگ,4,سوکت دسته راهنما بزرگ - 01 تکی.jpg,لیست قیمت/سوکت/سوکت دسته راهنما بزرگ.jpg
سوکت,سوکت دسته راهنما نیسان,4,سوکت دسته راهنما نیسان - 01 تکی.jpg,لیست قیمت/سوکت/سوکت دسته راهنما نیسان.jpg
سوکت,سوکت دسته راهنما پراید,3,سوکت دسته راهنما پراید - 01 تکی.jpg,لیست قیمت/سوکت/سوکت دسته راهنما پراید.jpg
سوکت,سوکت دسته راهنما کوچک,4,سوکت دسته راهنما کوچک - 01 تکی.jpg,لیست قیمت/سوکت/سوکت دسته راهنما کوچک.jpg
سوکت,سوکت ده فیش مادگی دسته سیم پراید,4,سوکت ده فیش مادگی دسته سیم پراید - 01 تکی.jpg,لیست قیمت/سوکت/سوکت ده فیش مادگی دسته سیم پراید.jpg
سوکت,سوکت ده فیش نری دسته سیم پراید,4,سوکت ده فیش نری دسته سیم پراید - 01 تکی.jpg,لیست قیمت/سوکت/سوکت ده فیش نری دسته سیم پراید.jpg
سوکت,سوکت دو فیش,2,سوکت دو فیش - 01 مجموعه کامل.jpg,لیست قیمت/سوکت/سوکت دو فیش.jpg
سوکت,سوکت دو فیش 206,4,سوکت دو فیش 206 - 01 تکی.jpg,لیست قیمت/سوکت/سوکت دو فیش 206.jpg
سوکت,سوکت دو فیش دوویی,3,سوکت دو فیش دوویی - 01 تکی.jpg,لیست قیمت/سوکت/سوکت دو فیش دوویی.jpg
سوکت,سوکت دو فیش مادگی پراید,4,سوکت دو فیش مادگی پراید - 01 تکی.jpg,لیست قیمت/سوکت/سوکت دو فیش مادگی پراید.jpg
سوکت,سوکت دو فیش نری,4,سوکت دو فیش نری - 01 تکی.jpg,لیست قیمت/سوکت/سوکت دو فیش نری.jpg
سوکت,سوکت دو فیش نری پراید,4,سوکت دو فیش نری پراید - 01 تکی.jpg,لیست قیمت/سوکت/سوکت دو فیش نری پراید.jpg
سوکت,سوکت راهنما,4,سوکت راهنما - 01 تکی.jpg,لیست قیمت/سوکت/سوکت راهنما.jpg
سوکت,سوکت رله فن انژکتور,4,سوکت رله فن انژکتور - 01 تکی.jpg,لیست قیمت/سوکت/سوکت رله فن انژکتور.jpg
سوکت,سوکت رله فن پراید کاربراتور,4,سوکت رله فن پراید کاربراتور - 01 تکی.jpg,لیست قیمت/سوکت/سوکت رله فن پراید کاربرات.jpg
سوکت,سوکت ریل سوخت نیسان,4,سوکت ریل سوخت نیسان - 01 تکی.jpg,لیست قیمت/سوکت/سوکت ریل سوخت نیسان.jpg
سوکت,سوکت ساعت سمند,4,سوکت ساعت سمند - 01 تکی.jpg,لیست قیمت/سوکت/سوکت ساعت سمند.jpg
سوکت,سوکت سر صاف بنزین,4,سوکت سر صاف بنزین - 01 تکی.jpg,لیست قیمت/سوکت/سوکت سر صاف بنزین.jpg
سوکت,سوکت سر فیش پمپ درب 405,4,سوکت سر فیش پمپ درب 405 - 01 تکی.jpg,لیست قیمت/سوکت/سوکت سر فیش پمپ درب 405.jpg
سوکت,سوکت سر کج بنزین,4,سوکت سر کج بنزین - 01 تکی.jpg,لیست قیمت/سوکت/سوکت سر کج بنزین.jpg
سوکت,سوکت سمند LX - شش فیش پمپ بنزین,4,سوکت سمند LX - شش فیش پمپ بنزین - 01 تکی.jpg,لیست قیمت/سوکت/سوکت سمند LX -شش فیش پمپ بنزین.jpg
سوکت,سوکت سنسور کیلومتر L90,4,سوکت سنسور کیلومتر L90 - 01 تکی.jpg,لیست قیمت/سوکت/سوکت سنسور کیلومتر L90.jpg
سوکت,سوکت سنسور کیلومتر پیکان,4,سوکت سنسور کیلومتر پیکان - 01 تکی.jpg,لیست قیمت/سوکت/سوکت سنسور کیلومتر پیکان.jpg
سوکت,سوکت سه راهی بنزین,4,سوکت سه راهی بنزین - 01 تکی.jpg,لیست قیمت/سوکت/سوکت سه راهی بنزین.jpg
سوکت,سوکت سه شاخه چراغ,4,سوکت سه شاخه چراغ - 01 تکی.jpg,لیست قیمت/سوکت/سوکت سه شاخه چراغ.jpg
سوکت,سوکت سه شاخه چراغ ایرانی,4,سوکت سه شاخه چراغ ایرانی - 01 تکی.jpg,لیست قیمت/سوکت/سوکت سه شاخه چراغ ایرانی.jpg
سوکت,سوکت سه فیش 206,4,سوکت سه فیش 206 - 01 تکی.jpg,لیست قیمت/سوکت/سوکت سه فیش 206.jpg
سوکت,سوکت سه فیش دوویی,4,سوکت سه فیش دوویی - 01 تکی.jpg,لیست قیمت/سوکت/سوکت سه فیش دوویی.jpg
سوکت,سوکت سه فیش دوویی - مدل 2,4,سوکت سه فیش دوویی - مدل 2 - 01 تکی.jpg,لیست قیمت/سوکت/سه فیش دویی.jpg
سوکت,سوکت سه فیش نری,4,سوکت سه فیش نری - 01 تکی.jpg,لیست قیمت/سوکت/سوکت سه فیش نری.jpg
سوکت,سوکت سه فیش چهار سیم,4,سوکت سه فیش چهار سیم - 01 تکی.jpg,لیست قیمت/سوکت/سوکت سه فیش چهار سیم.jpg
سوکت,سوکت سوزن نیسان,4,سوکت سوزن نیسان - 01 تکی.jpg,لیست قیمت/سوکت/سوکت سوزن نیسان.jpg
سوکت,سوکت سوزن نیسان دیزل - مهره آب,4,سوکت سوزن نیسان دیزل - مهره آب - 01 تکی.jpg,لیست قیمت/سوکت/سوکت سوزن نیسان دیزل -مهره آب.jpg
سوکت,سوکت سیم ABS مادگی,4,سوکت سیم ABS مادگی - 01 تکی.jpg,لیست قیمت/سوکت/سوکت سیم ABS مادگی.jpg
سوکت,سوکت سیم اکسیژن L90,4,سوکت سیم اکسیژن L90 - 01 تکی.jpg,لیست قیمت/سوکت/سوکت سیم اکسیژن L90.jpg
سوکت,سوکت سیم اکسیژن زیمنس مادگی,4,سوکت سیم اکسیژن زیمنس مادگی - 01 تکی.jpg,لیست قیمت/سوکت/سوکت سیم اکسیژن زیمنس مادگی.jpg
سوکت,سوکت سیم اکسیژن ساژم نری,4,سوکت سیم اکسیژن ساژم نری - 01 تکی.jpg,لیست قیمت/سوکت/سوکت سیم اکسیژن ساژم نری.jpg
سوکت,سوکت شاسی لای درب 405,4,سوکت شاسی لای درب 405 - 01 تکی.jpg,لیست قیمت/سوکت/سوکت شاسی لای درب 405.jpg
سوکت,سوکت فن رادیات پراید نری,4,سوکت فن رادیات پراید نری - 01 تکی.jpg,لیست قیمت/سوکت/سوکت فن رادیات پراید نری.jpg
سوکت,سوکت فندک 206,4,سوکت فندک 206 - 01 تکی.jpg,لیست قیمت/سوکت/سوکت فندک 206.jpg
سوکت,سوکت مادگی پمپ بنزین پیکان,4,سوکت مادگی پمپ بنزین پیکان - 01 تکی.jpg,لیست قیمت/سوکت/سوکت مادگی پمپ بنزین پیکان.jpg
سوکت,سوکت مقاومت بخاری 206,3,سوکت مقاومت بخاری 206 - 01 تکی.jpg,لیست قیمت/سوکت/سوکت مقاوت بخاری 206.jpg
سوکت,سوکت مقاومت فن پراید,4,سوکت مقاومت فن پراید - 01 تکی.jpg,لیست قیمت/سوکت/سوکت مقاومت فن پراید.jpg
سوکت,سوکت مهره آب L90,3,سوکت مهره آب L90 - 01 تکی.jpg,لیست قیمت/سوکت/سوکت مهره آب L90.jpg
سوکت,سوکت مهره استپ ترمز 405,4,سوکت مهره استپ ترمز 405 - 01 تکی.jpg,لیست قیمت/سوکت/سوکت مهره استپ ترمز 405.jpg
سوکت,سوکت مهره دنده,4,سوکت مهره دنده - 01 تکی.jpg,لیست قیمت/سوکت/مهره دنده.jpg
سوکت,سوکت مهره دنده عقب,4,سوکت مهره دنده عقب - 01 تکی.jpg,لیست قیمت/سوکت/سوکت مهره دنده عقب.jpg
سوکت,سوکت موتور فن 206,4,سوکت موتور فن 206 - 01 تکی.jpg,لیست قیمت/سوکت/سوکت موتور فن 206.jpg
سوکت,سوکت موتور فن 405,4,سوکت موتور فن 405 - 01 تکی.jpg,لیست قیمت/سوکت/سوکت موتور فن 405.jpg
سوکت,سوکت موتور فن L90,4,سوکت موتور فن L90 - 01 تکی.jpg,لیست قیمت/سوکت/سوکت موتور فن L90.jpg
سوکت,سوکت موتور فن پراید 2 دور مادگی,4,سوکت موتور فن پراید 2 دور مادگی - 01 تکی.jpg,لیست قیمت/سوکت/سوکت موتور فن پراید 2 دور مادگی.jpg
سوکت,سوکت موتور فن پراید 2 دور نری,4,سوکت موتور فن پراید 2 دور نری - 01 تکی.jpg,لیست قیمت/سوکت/سوکت موتور فن پراید 2دور نری.jpg
سوکت,سوکت موتور فن پراید قدیم مادگی,4,سوکت موتور فن پراید قدیم مادگی - 01 تکی.jpg,لیست قیمت/سوکت/سوکت موتور فن پراید قدیم مادگی.jpg
سوکت,سوکت موتور فن پراید قدیم نری,4,سوکت موتور فن پراید قدیم نری - 01 تکی.jpg,لیست قیمت/سوکت/سوکت موتور فن پراید قدیم نری.jpg
سوکت,سوکت موتور چراغ پراید 131,4,سوکت موتور چراغ پراید 131 - 01 تکی.jpg,لیست قیمت/سوکت/سوکت موتور چراغ پراید 131.jpg
سوکت,سوکت مپ دو اورینگ,4,سوکت مپ دو اورینگ - 01 تکی.jpg,لیست قیمت/سوکت/سوکت مپ دو اورینگ.jpg
سوکت,سوکت مپ زیمنس,4,سوکت مپ زیمنس - 01 تکی.jpg,لیست قیمت/سوکت/سوکت مپ زیمنس.jpg
سوکت,سوکت مپ ساژم,4,سوکت مپ ساژم - 01 تکی.jpg,لیست قیمت/سوکت/سوکت مپ ساژم.jpg
سوکت,سوکت مپ پیکان,4,سوکت مپ پیکان - 01 تکی.jpg,لیست قیمت/سوکت/سوکت مپ پیکان.jpg
سوکت,سوکت مپ گاز سمند ملی,4,سوکت مپ گاز سمند ملی - 01 تکی.jpg,لیست قیمت/سوکت/سوکت مپ گاز سمند ملی.jpg
سوکت,سوکت میل سوپاپ سمند ملی,4,سوکت میل سوپاپ سمند ملی - 01 تکی.jpg,لیست قیمت/سوکت/سوکت میل سوپاپ سمند ملی.jpg
سوکت,سوکت میل سوپاپ پراید زیمنس,4,سوکت میل سوپاپ پراید زیمنس - 01 تکی.jpg,لیست قیمت/سوکت/سوکت میل سوپاپ پراید زیمنس.jpg
سوکت,سوکت نری سیم اکسیژن زیمنس,4,سوکت نری سیم اکسیژن زیمنس - 01 تکی.jpg,لیست قیمت/سوکت/سوکت نری سیم اکسیژن زیمنس.jpg
سوکت,سوکت پارک پراید,4,سوکت پارک پراید - 01 تکی.jpg,لیست قیمت/سوکت/سوکت پارک پراید.jpg
سوکت,سوکت پدال گاز سمند ملی,4,سوکت پدال گاز سمند ملی - 01 تکی.jpg,لیست قیمت/سوکت/سوکت پدال گاز سمند ملی.jpg
سوکت,سوکت پرژکتور ال 90,3,سوکت پرژکتور ال 90 - 01 تکی.jpg,لیست قیمت/سوکت/سوکت پرژکتور ال 90.jpg
سوکت,سوکت پرژکتور ریو,3,سوکت پرژکتور ریو - 01 تکی.jpg,لیست قیمت/سوکت/سوکت پرژکتور ریو.jpg
سوکت,سوکت پرژکتور زانتیا,4,سوکت پرژکتور زانتیا - 01 تکی.jpg,لیست قیمت/سوکت/سوکت پرژکتور زانتیا.jpg
سوکت,سوکت پرژکتور پرشیا,4,سوکت پرژکتور پرشیا - 01 تکی.jpg,لیست قیمت/سوکت/سوکت پرژکتور پرشیا.jpg
سوکت,سوکت پمپ بنزین دو فیش,4,سوکت پمپ بنزین دو فیش - 01 تکی.jpg,لیست قیمت/سوکت/سوکت پمپ بنزین دو فیش.jpg
سوکت,سوکت پمپ بنزین روآ,4,سوکت پمپ بنزین روآ - 01 تکی.jpg,لیست قیمت/سوکت/سوکت پمپ بنزین روآ.jpg
سوکت,سوکت پمپ بنزین ریو,4,سوکت پمپ بنزین ریو - 01 تکی.jpg,لیست قیمت/سوکت/سوکت پمپ بنزین ریو.jpg
سوکت,سوکت پمپ بنزین شش فیش پراید,4,سوکت پمپ بنزین شش فیش پراید - 01 تکی.jpg,لیست قیمت/سوکت/سوکت پمپ بنزین شش فیش پراید.jpg
سوکت,سوکت پمپ بنزین پایین پراید چهار فیش,4,سوکت پمپ بنزین پایین پراید چهار فیش - 01 تکی.jpg,لیست قیمت/سوکت/سوکت پمپ بنزین پایین پراید چهار فیش.jpg
سوکت,سوکت پمپ بنزین پراید جدید,4,سوکت پمپ بنزین پراید جدید - 01 تکی.jpg,لیست قیمت/سوکت/سوکت پمپ بنزین پراید جدید.jpg
سوکت,سوکت پمپ بنزین چهار فیش پراید,4,سوکت پمپ بنزین چهار فیش پراید - 01 تکی.jpg,لیست قیمت/سوکت/سوکت پمپ بنزین چهار فیش پراید.jpg
سوکت,سوکت چراغ جلو ریو جدید,4,سوکت چراغ جلو ریو جدید - 01 تکی.jpg,لیست قیمت/سوکت/سوکت چراغ جلو ریو جدید.jpg
سوکت,سوکت چراغ جلو سمند سورن,3,سوکت چراغ جلو سمند سورن - 01 تکی.jpg,لیست قیمت/سوکت/سوکت چراغ جلو سمند سورن.jpg
سوکت,سوکت چراغ جلو لیفان,4,سوکت چراغ جلو لیفان - 01 تکی.jpg,لیست قیمت/سوکت/سوکت چراغ جلو لیفان.jpg
سوکت,سوکت چراغ جلو هیوندا کیا,4,سوکت چراغ جلو هیوندا کیا - 01 تکی.jpg,لیست قیمت/سوکت/سوکت چراغ جلو هیوندا کیا.jpg
سوکت,سوکت چراغ جلو پراید 131,4,سوکت چراغ جلو پراید 131 - 01 تکی.jpg,لیست قیمت/سوکت/سوکت چراغ جلو پراید 131.jpg
سوکت,سوکت چراغ جلو پرشیا,4,سوکت چراغ جلو پرشیا - 01 تکی.jpg,لیست قیمت/سوکت/سوکت چراغ جلو پرشیا.jpg
سوکت,سوکت چراغ جلو پرشیا ایرانی,4,سوکت چراغ جلو پرشیا ایرانی - 01 تکی.jpg,لیست قیمت/سوکت/سوکت چراغ جلو پرشیا ایرانی.jpg
سوکت,سوکت چراغ جلو پرشیا مدل چینی,4,سوکت چراغ جلو پرشیا مدل چینی - 01 تکی.jpg,لیست قیمت/سوکت/سوکت چراغ جلو پرشیا مدل چینی.jpg
سوکت,سوکت چراغ خطر عقب 206,4,سوکت چراغ خطر عقب 206 - 01 تکی.jpg,لیست قیمت/سوکت/سوکت چراغ خطر عقب 206.jpg
سوکت,سوکت چراغ خطر عقب 405,4,سوکت چراغ خطر عقب 405 - 01 تکی.jpg,لیست قیمت/سوکت/سوکت چراغ خطر عقب 405.jpg
سوکت,سوکت چراغ خطر عقب 405 دو فیش,4,سوکت چراغ خطر عقب 405 دو فیش - 01 تکی.jpg,لیست قیمت/سوکت/سوکت چراغ خطر عقب 405 دو فیش.jpg
سوکت,سوکت کلید بالابر 206,4,سوکت کلید بالابر 206 - 01 تکی.jpg,لیست قیمت/سوکت/سوکت کلید بالابر 206.jpg
سوکت,سوکت کلید بالابر 206 تیپ 5,4,سوکت کلید بالابر 206 تیپ 5 - 01 تکی.jpg,لیست قیمت/سوکت/سوکت کلید بالابر 206 تیپ 5.jpg
سوکت,سوکت کلید راست,4,سوکت کلید راست - 01 تکی.jpg,لیست قیمت/سوکت/سوکت کلید راست.jpg
سوکت,سوکت کلید یک پل پراید,4,سوکت کلید یک پل پراید - 01 تکی.jpg,لیست قیمت/سوکت/سوکت کلید یک پل پراید.jpg
سوکت,سوکت کوئل 2000 - مدول بخاری,4,سوکت کوئل 2000 - مدول بخاری - 01 تکی.jpg,لیست قیمت/سوکت/سوکت کوئل 2000-مدول بخاری.jpg
سوکت,سوکت کوئل L90,4,سوکت کوئل L90 - 01 تکی.jpg,لیست قیمت/سوکت/سوکت کوئل L90.jpg
سوکت,سوکت کوئل دوبل چهار فیش,4,سوکت کوئل دوبل چهار فیش - 01 تکی.jpg,لیست قیمت/سوکت/سوکت کوئل دوبل چهار فیش.jpg
سوکت,سوکت کوئل زیمنس مشکی - طوسی,4,سوکت کوئل زیمنس مشکی - طوسی - 01 مجموعه کامل.jpg,لیست قیمت/سوکت/سوکت کوئل زیمنس مشکی -طوسی.jpg
سوکت,سوکت کوئل سمند ملی,4,سوکت کوئل سمند ملی - 01 تکی.jpg,لیست قیمت/سوکت/سوکت کوئل سمند ملی.jpg
سوکت,سوکت یونیت قفل مرکزی 405,4,سوکت یونیت قفل مرکزی 405 - 01 تکی.jpg,لیست قیمت/سوکت/سوکت یونیت قفل مرکزی 405.jpg
سوکت,سیم سنسور,4,سیم سنسور - 01 تکی.jpg,لیست قیمت/سوکت/سیم.jpg
سوکت,سیم کشی SL96,4,سیم کشی SL96 - 01 تکی.jpg,لیست قیمت/سوکت/سیم کشی SL96.jpg
سوکت,سیم کشی منیفولد پراید زیمنس,4,سیم کشی منیفولد پراید زیمنس - 01 تکی.jpg,لیست قیمت/سوکت/سیم کشی منیفولد پراید زیمنس.jpg
سوکت,سیم کشی منیفولد پراید ساژم,4,سیم کشی منیفولد پراید ساژم - 01 تکی.jpg,لیست قیمت/سوکت/سیم کشی منیفولد پراید ساژم.jpg
سوکت,سیم کشی پرژکتور L90,4,سیم کشی پرژکتور L90 - 01 تکی.jpg,لیست قیمت/سوکت/سیم کشی پرژکتور L90.jpg
سوکت,سیم کشی کوئل سمند ملی,4,سیم کشی کوئل سمند ملی - 01 تکی.jpg,لیست قیمت/سوکت/سیم کشی کوئل سمند ملی.jpg
سوکت,شیلنگ بخار روغن تیپ 2,4,شیلنگ بخار روغن تیپ 2 - 01 تکی.jpg,لیست قیمت/سوکت/شیلنگ بخار روغن تیپ 2.jpg
سوکت,شیلنگ بخار روغن تیپ 5,4,شیلنگ بخار روغن تیپ 5 - 01 تکی.jpg,لیست قیمت/سوکت/شیلنگ بخار روغن تیپ 5.jpg
سوکت,چپقی راهنما 405,4,چپقی راهنما 405 - 01 تکی.jpg,لیست قیمت/سوکت/چپقی راهنما 405.jpg
سوکت,کابل باطری منفی,4,کابل باطری منفی - 01 تکی.jpg,لیست قیمت/سوکت/کابل باطری منفی.jpg
سوکت,کابل منفی باطری,4,کابل منفی باطری - 01 تکی.jpg,لیست قیمت/سوکت/کابل منفی باطری.jpg
سیلندر چرخ عقب و پیچ کالپر,سیلندر چرخ عقب 405 ABS,4,سیلندر چرخ عقب 405 ABS - 01 تکی.jpg,لیست قیمت/سیلندر چرخ عقب و پیچ کالپر/سیلندر چرخ عقب 405 ABS.jpg
سیلندر چرخ عقب و پیچ کالپر,سیلندر چرخ عقب 405 ساده,4,سیلندر چرخ عقب 405 ساده - 01 تکی.jpg,لیست قیمت/سیلندر چرخ عقب و پیچ کالپر/سیلندر چرخ عقب 405 ساده.jpg
سیلندر چرخ عقب و پیچ کالپر,سیلندر چرخ عقب ایداج,4,سیلندر چرخ عقب ایداج - 01 تکی.jpg,لیست قیمت/سیلندر چرخ عقب و پیچ کالپر/سیلندر چرخ عقب ایداج.jpg
سیلندر چرخ عقب و پیچ کالپر,سیلندر چرخ عقب سمند ملی,4,سیلندر چرخ عقب سمند ملی - 01 تکی.jpg,لیست قیمت/سیلندر چرخ عقب و پیچ کالپر/سیلندر چرخ عقب سمند ملی.jpg
سیم اکسیژن,سیم اکسیژن L90 زرد,4,سیم اکسیژن L90 زرد - 01 تکی.jpg,لیست قیمت/سیم اکسیژن/سیم اکسیژن L90 زرد.png
سیم اکسیژن,سیم اکسیژن L90 سفید,4,سیم اکسیژن L90 سفید - 01 تکی.jpg,لیست قیمت/سیم اکسیژن/سیم اکسیژن L90 سفید.png
سیم اکسیژن,سیم اکسیژن M17 مشکی,4,سیم اکسیژن M17 مشکی - 01 تکی.jpg,لیست قیمت/سیم اکسیژن/سیم اکسیژن M17 مشکی.png
سیم اکسیژن,سیم اکسیژن SSAT بلند,4,سیم اکسیژن SSAT بلند - 01 تکی.jpg,لیست قیمت/سیم اکسیژن/سیم اکسیژن SSAT بلند.png
سیم اکسیژن,سیم اکسیژن SSAT متوسط,4,سیم اکسیژن SSAT متوسط - 01 تکی.jpg,لیست قیمت/سیم اکسیژن/سیم اکسیژن SSAT متوسط.png
سیم اکسیژن,سیم اکسیژن زیمنس کوتاه,4,سیم اکسیژن زیمنس کوتاه - 01 تکی.jpg,لیست قیمت/سیم اکسیژن/سیم اکسیژن زیمنس کوتاه.png
سیم اکسیژن,سیم اکسیژن ساژم سیم آبی,4,سیم اکسیژن ساژم سیم آبی - 01 تکی.jpg,لیست قیمت/سیم اکسیژن/سیم اکسیژن ساژم سیم آبی.png
سیم اکسیژن,سیم اکسیژن ساژم سیم بلند,4,سیم اکسیژن ساژم سیم بلند - 01 تکی.jpg,لیست قیمت/سیم اکسیژن/سیم اکسیژن ساژم سیم بلند.png
سیم اکسیژن,سیم اکسیژن ساژم سیم سبز 206,4,سیم اکسیژن ساژم سیم سبز 206 - 01 تکی.jpg,لیست قیمت/سیم اکسیژن/سیم اکسیژن ساژم سیم سبز 206.jpg
سیم اکسیژن,سیم اکسیژن ساژم سیم طوسی,4,سیم اکسیژن ساژم سیم طوسی - 01 تکی.jpg,لیست قیمت/سیم اکسیژن/سیم اکسیژن ساژم سیم طوسی.png
سیم اکسیژن,سیم اکسیژن ساژم سیم متوسط,4,سیم اکسیژن ساژم سیم متوسط - 01 تکی.jpg,لیست قیمت/سیم اکسیژن/سیم اکسیژن ساژم سیم متوسط.jpg
سیم اکسیژن,سیم اکسیژن سمند ملی شش فیش,4,سیم اکسیژن سمند ملی شش فیش - 01 تکی.jpg,لیست قیمت/سیم اکسیژن/سیم اکسیژن سمند ملی شش فیش.png
سیم اکسیژن,سیم اکسیژن گپ دار زیمنس,4,سیم اکسیژن گپ دار زیمنس - 01 تکی.jpg,لیست قیمت/سیم اکسیژن/سیم اکسیژن گپ دار زیمنس.png
سیم دور موتور,سنسور دور موتور تیپ 2,4,سنسور دور موتور تیپ 2 - 01 تکی.jpg,لیست قیمت/سیم دور موتور/سنسور دور موتور تیپ 2.jpg
سیم دور موتور,سنسور دور موتور تیپ 5,4,سنسور دور موتور تیپ 5 - 01 تکی.jpg,لیست قیمت/سیم دور موتور/سنسور دور موتور تیپ 5.jpg
سیم دور موتور,سنسور دور موتور رانا بی سیم,4,سنسور دور موتور رانا بی سیم - 01 تکی.jpg,لیست قیمت/سیم دور موتور/سنسور دور موتور رانا بی سیم.jpg
سیم دور موتور,سنسور دور موتور رانا سیم دار,4,سنسور دور موتور رانا سیم دار - 01 تکی.jpg,لیست قیمت/سیم دور موتور/سنسور دور موتور رانا سیم دار.jpg
سیم دور موتور,سیم دور موتور قهوه ای,4,سیم دور موتور قهوه ای - 01 تکی.jpg,لیست قیمت/سیم دور موتور/سیم دور موتور قهوه ای.jpg
سیم دور موتور,سیم دور موتور مشکی زیمنس,4,سیم دور موتور مشکی زیمنس - 01 تکی.jpg,لیست قیمت/سیم دور موتور/سیم دور موتور مشکی زیمنس.jpg
سیم کشی,خار کامپیوتر,2,خار کامپیوتر - 01 مجموعه کامل.jpg,لیست قیمت/سیم کشی/خار کامپیوتر.jpg
سیم کشی,سیم کشی SL96,4,سیم کشی SL96 - 01 تکی.jpg,لیست قیمت/سیم کشی/سیم کشی SL96.jpg
سیم کشی,سیم کشی منیفولد پراید زیمنس,4,سیم کشی منیفولد پراید زیمنس - 01 تکی.jpg,لیست قیمت/سیم کشی/سیم کشی منیفولد پراید زیمنس.jpg
سیم کشی,سیم کشی منیفولد پراید ساژم,4,سیم کشی منیفولد پراید ساژم - 01 تکی.jpg,لیست قیمت/سیم کشی/سیم کشی منیفولد پراید ساژم.jpg
سیم کشی,سیم کشی پرژکتور ال 90,4,سیم کشی پرژکتور ال 90 - 01 تکی.jpg,لیست قیمت/سیم کشی/سیم کشی پرژکتور ال 90.jpg
سیم کشی,سیم کشی کوئل سمند ملی,4,سیم کشی کوئل سمند ملی - 01 تکی.jpg,لیست قیمت/سیم کشی/سیم کشی کوئل سمند ملی.jpg
سیم کشی,کابل باطری مثبت,4,کابل باطری مثبت - 01 تکی.jpg,لیست قیمت/سیم کشی/کابل باطری مثبت.jpg
سیم کشی,کابل باطری منفی,4,کابل باطری منفی - 01 تکی.jpg,لیست قیمت/سیم کشی/کابل باطری منفی.jpg
شاسی لای درب,شاسی صندوق 405,4,شاسی صندوق 405 - 01 تکی.jpg,لیست قیمت/شاسی لای درب/شاسی صندوق 405.jpg
شاسی لای درب,شاسی لای درب 405,4,شاسی لای درب 405 - 01 تکی.jpg,لیست قیمت/شاسی لای درب/شاسی لای درب 405.jpg
شاسی لای درب,شاسی لای درب 405 بی سیم,4,شاسی لای درب 405 بی سیم - 01 تکی.jpg,لیست قیمت/شاسی لای درب/شاسی لای درب 405 بی سیم.jpg
شاسی لای درب,شاسی لای درب 405 سیم دار,4,شاسی لای درب 405 سیم دار - 01 تکی.jpg,لیست قیمت/شاسی لای درب/شاسی لای درب 405 سیم دار.jpg
شاسی لای درب,شاسی لای درب ال 90,4,شاسی لای درب ال 90 - 01 تکی.jpg,لیست قیمت/شاسی لای درب/شاسی لای درب ال 90.jpg
شاسی لای درب,شاسی لای درب سمند,4,شاسی لای درب سمند - 01 تکی.jpg,لیست قیمت/شاسی لای درب/شاسی لای درب سمند.jpg
شاسی لای درب,شاسی لای درب پراید,4,شاسی لای درب پراید - 01 تکی.jpg,لیست قیمت/شاسی لای درب/شاسی لای درب پراید.jpg
شمع,شمع پایه بلند معمولی,3,شمع پایه بلند معمولی - 01 تکی.jpg,لیست قیمت/شمع/شمع پایه بلند معمولی.jpg
شیر فرمان و چهار شاخه فرمان,شیر ال 90,4,شیر ال 90 - 01 تکی.jpg,لیست قیمت/شیر فرمان و چهار شاخه فرمان/شیر ال 90.jpg
شیر فرمان و چهار شاخه فرمان,شیرفرمان,4,شیرفرمان - 01 تکی.jpg,لیست قیمت/شیر فرمان و چهار شاخه فرمان/شیرفرمان.jpg
شیر فرمان و چهار شاخه فرمان,پایه فیلتر کامل 206,4,پایه فیلتر کامل 206 - 01 تکی.jpg,لیست قیمت/شیر فرمان و چهار شاخه فرمان/کامل 206پایه فیلتر.jpg
شیر فرمان و چهار شاخه فرمان,چهار شاخ فرمان 405 تپل,4,چهار شاخ فرمان 405 تپل - 01 تکی.jpg,لیست قیمت/شیر فرمان و چهار شاخه فرمان/چهار شاخ فرمان 405 تپل.jpg
شیر فرمان و چهار شاخه فرمان,چهار شاخ فرمان 405 قدیم,4,چهار شاخ فرمان 405 قدیم - 01 تکی.jpg,لیست قیمت/شیر فرمان و چهار شاخه فرمان/چهار شاخ فرمان 405 قدیم.jpg
شیر فرمان و چهار شاخه فرمان,چهار شاخ فرمان جدید,4,چهار شاخ فرمان جدید - 01 تکی.jpg,لیست قیمت/شیر فرمان و چهار شاخه فرمان/چهار شاخ فرمان جدید.jpg
شیر فرمان و چهار شاخه فرمان,کمک فرمان 405,4,کمک فرمان 405 - 01 تکی.jpg,لیست قیمت/شیر فرمان و چهار شاخه فرمان/کمک فرمان 405.jpg
فندک,فندک - مدل عمومی,4,فندک - مدل عمومی - 01 تکی.jpg,لیست قیمت/فندک/فندک.jpg
فندک,فندک 206,4,فندک 206 - 01 تکی.jpg,لیست قیمت/فندک/فندک 206.jpg
فندک,فندک ال 90,4,فندک ال 90 - 01 تکی.jpg,لیست قیمت/فندک/فندک ال 90.jpg
فندک,فندک تیبا,4,فندک تیبا - 01 تکی.jpg,لیست قیمت/فندک/فندک تیبا.jpg
فندک,فندک پراید,4,فندک پراید - 01 تکی.jpg,لیست قیمت/فندک/فندک پراید.jpg
فندک,فندک پژو 405,4,فندک پژو 405 - 01 تکی.jpg,لیست قیمت/فندک/فندک پژو 405.jpg
قاب ریموت,قاب ریموت 206,4,قاب ریموت 206 - 01 تکی.jpg,لیست قیمت/قاب ریموت/قاب ریموت 206.jpg
قاب ریموت,قاب ریموت 3 کلید,4,قاب ریموت 3 کلید - 01 تکی.jpg,لیست قیمت/قاب ریموت/قاب ریموت 3 کلید.jpg
قاب ریموت,قاب ریموت 405,4,قاب ریموت 405 - 01 تکی.jpg,لیست قیمت/قاب ریموت/قاب ریموت 405.jpg
قاب ریموت,قاب ریموت L90,4,قاب ریموت L90 - 01 تکی.jpg,لیست قیمت/قاب ریموت/قاب ریموت L90.jpg
قاب ریموت,قاب ریموت دو کلید,4,قاب ریموت دو کلید - 01 تکی.jpg,لیست قیمت/قاب ریموت/قاب ریموت دو کلید.jpg
قاب ریموت,قاب ریموت سمند,4,قاب ریموت سمند - 01 تکی.jpg,لیست قیمت/قاب ریموت/قاب ریموت سمند.jpg
قاب ریموت,قاب ریموت مولتی پلکس,4,قاب ریموت مولتی پلکس - 01 تکی.jpg,لیست قیمت/قاب ریموت/قاب ریموت مولتی پلکس.jpg
قاب ریموت,قاب ریموت پراید 131,4,قاب ریموت پراید 131 - 01 تکی.jpg,لیست قیمت/قاب ریموت/قاب ریموت پراید 131.jpg
قاب ریموت,مغزی آنتن سمند,4,مغزی آنتن سمند - 01 تکی.jpg,لیست قیمت/قاب ریموت/مغزی آنتن سمند.jpg
قاب ریموت,پایه آنتن 405,4,پایه آنتن 405 - 01 تکی.jpg,لیست قیمت/قاب ریموت/پایه آنتن 405.jpg
لامپ,لامپ 1 کنتاکت,4,لامپ 1 کنتاکت - 01 تکی.jpg,لیست قیمت/لامپ/لامپ 1 کنتاکت.jpg
لامپ,لامپ 2 کنتاکت,4,لامپ 2 کنتاکت - 01 تکی.jpg,لیست قیمت/لامپ/لامپ 2 کنتاکت.jpg
لامپ,لامپ آریایی ریز و درشت,4,لامپ آریایی ریز و درشت - 01 تکی.jpg,لیست قیمت/لامپ/لامپ آریایی ریز و درشت.jpg
لامپ,لامپ بی سیم H1,4,لامپ بی سیم H1 - 01 تکی.jpg,لیست قیمت/لامپ/لامپ بی سیم H1.jpg
لامپ,لامپ دو خار H4,4,لامپ دو خار H4 - 01 تکی.jpg,لیست قیمت/لامپ/لامپ دو خار H4.jpg
لامپ,لامپ سه خار H4,4,لامپ سه خار H4 - 01 تکی.jpg,لیست قیمت/لامپ/لامپ سه خار H4.jpg
لامپ,لامپ سیم دار H3,4,لامپ سیم دار H3 - 01 تکی.jpg,لیست قیمت/لامپ/لامپ سیم دار H3.jpg
لامپ,لامپ گرد پیکانی H4,4,لامپ گرد پیکانی H4 - 01 تکی.jpg,لیست قیمت/لامپ/لامپ گرد پیکانی H4.jpg
لامپ,موتور چراغ 206,4,موتور چراغ 206 - 01 تکی.jpg,لیست قیمت/لامپ/موتور چراغ 206.jpg
مغزی سوییچ قفل درب,سوییچ استارت 206,2,سوییچ استارت 206 - 01 مجموعه کامل.jpg,لیست قیمت/مغزی سوییچ قفل درب/سوییچ استارت 206.jpg
مغزی سوییچ قفل درب,سوییچ استارت 405,2,سوییچ استارت 405 - 01 مجموعه کامل.jpg,لیست قیمت/مغزی سوییچ قفل درب/سوییچ استارت 405.jpg
مغزی سوییچ قفل درب,سوییچ استارت L90,2,سوییچ استارت L90 - 01 مجموعه کامل.jpg,لیست قیمت/مغزی سوییچ قفل درب/سوییچ استارت L90.jpg
مغزی سوییچ قفل درب,سوییچ استارت پراید,2,سوییچ استارت پراید - 01 مجموعه کامل.jpg,لیست قیمت/مغزی سوییچ قفل درب/سوییچ استارت پراید.jpg
مغزی سوییچ قفل درب,سوییچ درب 206,2,سوییچ درب 206 - 01 مجموعه کامل.jpg,لیست قیمت/مغزی سوییچ قفل درب/سوییپ درب 206.jpg
مغزی سوییچ قفل درب,سوییچ درب 405,2,سوییچ درب 405 - 01 مجموعه کامل.jpg,لیست قیمت/مغزی سوییچ قفل درب/سوییچ درب 405.jpg
مغزی سوییچ قفل درب,سوییچ درب L90,2,سوییچ درب L90 - 01 مجموعه کامل.jpg,لیست قیمت/مغزی سوییچ قفل درب/سوییچ درب L90.jpg
مغزی سوییچ قفل درب,سوییچ درب پراید,2,سوییچ درب پراید - 01 مجموعه کامل.jpg,لیست قیمت/مغزی سوییچ قفل درب/سوییچ درب پراید.jpg
مغزی سوییچ قفل درب,سوییچ صندوق 405,2,سوییچ صندوق 405 - 01 مجموعه کامل.jpg,لیست قیمت/مغزی سوییچ قفل درب/سوییچ صندوق 405.jpg
مغزی سوییچ قفل درب,سوییچ صندوق SLX,2,سوییچ صندوق SLX - 01 مجموعه کامل.jpg,لیست قیمت/مغزی سوییچ قفل درب/سوییچ صندوق SLX.jpg
مغزی سوییچ قفل درب,سوییچ صندوق آردی,2,سوییچ صندوق آردی - 01 مجموعه کامل.jpg,لیست قیمت/مغزی سوییچ قفل درب/سوییچ صندوق آردی.jpg
مغزی سوییچ قفل درب,سوییچ صندوق سمند,2,سوییچ صندوق سمند - 01 مجموعه کامل.jpg,لیست قیمت/مغزی سوییچ قفل درب/سوییچ صندوق سمند.jpg
مغزی سوییچ قفل درب,سوییچ صندوق پراید,2,سوییچ صندوق پراید - 01 مجموعه کامل.jpg,لیست قیمت/مغزی سوییچ قفل درب/سوییچ صندوق پراید.jpg
مغزی سوییچ قفل درب,قفل داشبورد 405,4,قفل داشبورد 405 - 01 تکی.jpg,لیست قیمت/مغزی سوییچ قفل درب/قفل داشبورد 405.jpg
مغزی سوییچ قفل درب,قفل داشبورد سمند,2,قفل داشبورد سمند - 01 مجموعه کامل.jpg,لیست قیمت/مغزی سوییچ قفل درب/قفل داشبورد سمند.jpg
مغزی سوییچ قفل درب,قفل درب باک 206,2,قفل درب باک 206 - 01 مجموعه کامل.jpg,لیست قیمت/مغزی سوییچ قفل درب/قفل درب باک 206.jpg
مغزی سوییچ قفل درب,مغزی سوییچ 206,4,مغزی سوییچ 206 - 01 تکی.jpg,لیست قیمت/مغزی سوییچ قفل درب/مغزی سوییچ 206.jpg
مغزی سوییچ قفل درب,مغزی سوییچ 405,4,مغزی سوییچ 405 - 01 تکی.jpg,لیست قیمت/مغزی سوییچ قفل درب/مغزی سوییچ 405.jpg
مغزی سوییچ قفل درب,مغزی سوییچ L90,4,مغزی سوییچ L90 - 01 تکی.jpg,لیست قیمت/مغزی سوییچ قفل درب/مغزی سوییچ L90.jpg
مغزی سوییچ قفل درب,مغزی سوییچ تیبا,4,مغزی سوییچ تیبا - 01 تکی.jpg,لیست قیمت/مغزی سوییچ قفل درب/مغزی سوییچ تیبا.jpg
مغزی سوییچ قفل درب,مغزی سوییچ پراید,4,مغزی سوییچ پراید - 01 تکی.jpg,لیست قیمت/مغزی سوییچ قفل درب/مغزی سوییچ پراید.jpg
مغزی سوییچ قفل درب,مغزی سوییچ پیکان,4,مغزی سوییچ پیکان - 01 تکی.jpg,لیست قیمت/مغزی سوییچ قفل درب/مغزی سوییچ پیکان.jpg
مغزی پمپ و سوخت رسانی,سوکت بنزین سر صاف,4,سوکت بنزین سر صاف - 01 تکی.jpg,لیست قیمت/مغزی پمپ وسوخت رسانی/سوکت بنزین سر صاف.jpg
مغزی پمپ و سوخت رسانی,سوکت بنزین سر کج,4,سوکت بنزین سر کج - 01 تکی.jpg,لیست قیمت/مغزی پمپ وسوخت رسانی/سوکت بنزین سر کج.jpg
مغزی پمپ و سوخت رسانی,سوکت بنزین سه راهی,4,سوکت بنزین سه راهی - 01 تکی.jpg,لیست قیمت/مغزی پمپ وسوخت رسانی/سوکت بنزین سه راهی.jpg
مغزی پمپ و سوخت رسانی,سوکت رابط بنزین,2,سوکت رابط بنزین - 01 مجموعه کامل.jpg,لیست قیمت/مغزی پمپ وسوخت رسانی/سوکت رابط بنزین.jpg
مغزی پمپ و سوخت رسانی,شیلنگ بخار روغن تیپ 2,4,شیلنگ بخار روغن تیپ 2 - 01 تکی.jpg,لیست قیمت/مغزی پمپ وسوخت رسانی/شیلنگ بخار روغن تیپ 2.jpg
مغزی پمپ و سوخت رسانی,شیلنگ بخار روغن تیپ 5,4,شیلنگ بخار روغن تیپ 5 - 01 تکی.jpg,لیست قیمت/مغزی پمپ وسوخت رسانی/شیلنگ بخار روغن تیپ 5.jpg
مغزی پمپ و سوخت رسانی,شیلنگ مغزی پمپ بنزین,3,شیلنگ مغزی پمپ بنزین - 01 تکی.jpg,لیست قیمت/مغزی پمپ وسوخت رسانی/شیلنگ مغزی پمپ بنزین.jpg
مغزی پمپ و سوخت رسانی,صافی بنزین آلومینیوم,4,صافی بنزین آلومینیوم - 01 تکی.jpg,لیست قیمت/مغزی پمپ وسوخت رسانی/صافی بنزین آلومینیوم.jpg
مغزی پمپ و سوخت رسانی,صافی بنزین پراید سر کج و سر صاف,4,صافی بنزین پراید سر کج و سر صاف - 01 مجموعه کامل.jpg,لیست قیمت/مغزی پمپ وسوخت رسانی/صافی بنزین پراید سر کج و سر صاف.jpg
مغزی پمپ و سوخت رسانی,فشار شکن بدون لوله,4,فشار شکن بدون لوله - 01 تکی.jpg,لیست قیمت/مغزی پمپ وسوخت رسانی/فشار شکن بدون لوله.jpg
مغزی پمپ و سوخت رسانی,فشار شکن لوله دار,4,فشار شکن لوله دار - 01 تکی.jpg,لیست قیمت/مغزی پمپ وسوخت رسانی/فشار شکن لوله دار.jpg
مغزی پمپ و سوخت رسانی,قطع کن بنزین,4,قطع کن بنزین - 01 تکی.jpg,لیست قیمت/مغزی پمپ وسوخت رسانی/قطع کن بنزین.jpg
مغزی پمپ و سوخت رسانی,پایه فیلتر روغن فلزی تیپ 2,4,پایه فیلتر روغن فلزی تیپ 2 - 01 تکی.jpg,لیست قیمت/مغزی پمپ وسوخت رسانی/پایه فیلتر روغن فزی تیپ 2.png
مغزی پمپ و سوخت رسانی,پمپ بنزین 206,4,پمپ بنزین 206 - 01 تکی.jpg,لیست قیمت/مغزی پمپ وسوخت رسانی/پمپ بنزین 206.jpg
مغزی پمپ و سوخت رسانی,پمپ بنزین L90 و پژو جدید,4,پمپ بنزین L90 و پژو جدید - 01 تکی.jpg,لیست قیمت/مغزی پمپ وسوخت رسانی/پمپ بنزین L90 و پژو جدید.jpg
مغزی پمپ و سوخت رسانی,پمپ بنزین بیرون باک,4,پمپ بنزین بیرون باک - 01 تکی.jpg,لیست قیمت/مغزی پمپ وسوخت رسانی/پمپ بنزین بیرون باک.jpg
مغزی پمپ و سوخت رسانی,پمپ بنزین زانتیا,4,پمپ بنزین زانتیا - 01 تکی.jpg,لیست قیمت/مغزی پمپ وسوخت رسانی/پمپ بنزین زانتیا.jpg
مغزی پمپ و سوخت رسانی,پمپ بنزین پراید - پژو,4,پمپ بنزین پراید - پژو - 01 تکی.jpg,لیست قیمت/مغزی پمپ وسوخت رسانی/پمپ بنزین پراید -پژو.jpg
مغزی پمپ و سوخت رسانی,پمپ بنزین پژو 2000,4,پمپ بنزین پژو 2000 - 01 تکی.jpg,لیست قیمت/مغزی پمپ وسوخت رسانی/پمپ بنزین پژو 2000.jpg
مغزی پمپ و سوخت رسانی,کنستر بنزین زیمنس,4,کنستر بنزین زیمنس - 01 تکی.jpg,لیست قیمت/مغزی پمپ وسوخت رسانی/کنستر بنزین زیمنس.jpg
مغزی پمپ و سوخت رسانی,کنستر بنزین ساژم,4,کنستر بنزین ساژم - 01 تکی.jpg,لیست قیمت/مغزی پمپ وسوخت رسانی/کنستر بنزین ساژم.jpg
مغزی پمپ و سوخت رسانی,کنستر بنزین سمند ملی,4,کنستر بنزین سمند ملی - 01 تکی.jpg,لیست قیمت/مغزی پمپ وسوخت رسانی/کنستر بنزین سمند ملی.jpg
مهره آب و مهره روغن,سنسور دمای کولر 405,4,سنسور دمای کولر 405 - 01 تکی.jpg,لیست قیمت/مهره آب و مهره روغن/سنسور دمای کولر 405.jpg
مهره آب و مهره روغن,سیم دور فن 405,4,سیم دور فن 405 - 01 تکی.jpg,لیست قیمت/مهره آب و مهره روغن/سیم دور فن 405.jpg
مهره آب و مهره روغن,مهره آب 206 سبز دو فیش و سه فیش,4,مهره آب 206 سبز دو فیش و سه فیش - 01 تکی.jpg,لیست قیمت/مهره آب و مهره روغن/مهره آب 206 سبز دو فیش و سه فیش.jpg
مهره آب و مهره روغن,مهره آب دو فیش سبز - مشکی,4,مهره آب دو فیش سبز - مشکی - 01 مجموعه کامل.jpg,لیست قیمت/مهره آب و مهره روغن/مهره آب دو فیش سبز - مشکی.jpg
مهره آب و مهره روغن,مهره آب دو فیش قهوه ای,4,مهره آب دو فیش قهوه ای - 01 تکی.jpg,لیست قیمت/مهره آب و مهره روغن/مهره آب دو فیش قهوه ای.jpg
مهره آب و مهره روغن,مهره حرارتی پراید,4,مهره حرارتی پراید - 01 تکی.jpg,لیست قیمت/مهره آب و مهره روغن/مهره حرارتی پراید.jpg
مهره آب و مهره روغن,مهره دنده عقب 206 - L90,4,مهره دنده عقب 206 - L90 - 01 تکی.jpg,لیست قیمت/مهره آب و مهره روغن/مهره دنده عقب 206-L90.jpg
مهره آب و مهره روغن,مهره دنده عقب 405,4,مهره دنده عقب 405 - 01 تکی.jpg,لیست قیمت/مهره آب و مهره روغن/مهره دنده عقب 405.jpg
مهره آب و مهره روغن,مهره روغن 206,4,مهره روغن 206 - 01 تکی.jpg,لیست قیمت/مهره آب و مهره روغن/مهره روغن 206.jpg
مهره آب و مهره روغن,مهره روغن 405,4,مهره روغن 405 - 01 تکی.jpg,لیست قیمت/مهره آب و مهره روغن/مهره روغن 405.jpg
مهره آب و مهره روغن,مهره روغن روآ,4,مهره روغن روآ - 01 تکی.jpg,لیست قیمت/مهره آب و مهره روغن/مهره روغن روآ.jpg
مهره آب و مهره روغن,مهره روغن پراید,4,مهره روغن پراید - 01 تکی.jpg,لیست قیمت/مهره آب و مهره روغن/مهره روغن پراید.jpg
مهره آب و مهره روغن,مهره هیدرولیک 206,4,مهره هیدرولیک 206 - 01 تکی.jpg,لیست قیمت/مهره آب و مهره روغن/مهره هیدرولیک 206.jpg
مهره آب و مهره روغن,مهره چهار فصل پراید,4,مهره چهار فصل پراید - 01 تکی.jpg,لیست قیمت/مهره آب و مهره روغن/مهره چهار فصل پراید.jpg
مهره آب و مهره روغن,هوزینگ ترموستات تیپ 5,4,هوزینگ ترموستات تیپ 5 - 01 تکی.jpg,لیست قیمت/مهره آب و مهره روغن/هوزینگ ترموستات تیپ 5.jpg
مهره استپ ترمز و مهره دنده عقب,مهره - مدل عمومی,4,مهره - مدل عمومی - 01 تکی.jpg,لیست قیمت/مهره استپ ترمز و مهره دنده عقب/مهره.jpg
مهره استپ ترمز و مهره دنده عقب,مهره استپ ترمز 206 تیپ 2,4,مهره استپ ترمز 206 تیپ 2 - 01 تکی.jpg,لیست قیمت/مهره استپ ترمز و مهره دنده عقب/مهره استپ ترمز 206 تیپ 2.jpg
مهره استپ ترمز و مهره دنده عقب,مهره استپ ترمز 206 تیپ5 - L90,4,مهره استپ ترمز 206 تیپ5 - L90 - 01 تکی.jpg,لیست قیمت/مهره استپ ترمز و مهره دنده عقب/مهره استپ ترمز 206 تیپ5 - L90.jpg
مهره استپ ترمز و مهره دنده عقب,مهره استپ ترمز 206 جدید,4,مهره استپ ترمز 206 جدید - 01 تکی.jpg,لیست قیمت/مهره استپ ترمز و مهره دنده عقب/مهره استپ ترمز 206 جدید.jpg
مهره استپ ترمز و مهره دنده عقب,مهره استپ ترمز 405,4,مهره استپ ترمز 405 - 01 تکی.jpg,لیست قیمت/مهره استپ ترمز و مهره دنده عقب/مهره استپ ترمز 405.jpg
مهره استپ ترمز و مهره دنده عقب,مهره استپ ترمز L90,4,مهره استپ ترمز L90 - 01 تکی.jpg,لیست قیمت/مهره استپ ترمز و مهره دنده عقب/مهره استپ ترمز L90.jpg
مهره استپ ترمز و مهره دنده عقب,مهره استپ ترمز زانتیا,4,مهره استپ ترمز زانتیا - 01 تکی.jpg,لیست قیمت/مهره استپ ترمز و مهره دنده عقب/مهره استپ ترمز زانتیا.jpg
مهره استپ ترمز و مهره دنده عقب,مهره استپ ترمز سمند ملی,4,مهره استپ ترمز سمند ملی - 01 تکی.jpg,لیست قیمت/مهره استپ ترمز و مهره دنده عقب/مهره استپ ترمز سمند ملی.jpg
مهره استپ ترمز و مهره دنده عقب,مهره استپ ترمز پراید,4,مهره استپ ترمز پراید - 01 تکی.jpg,لیست قیمت/مهره استپ ترمز و مهره دنده عقب/مهره استپ ترمز پراید.jpg
مهره استپ ترمز و مهره دنده عقب,مهره دنده عقب پراید,4,مهره دنده عقب پراید - 01 تکی.jpg,لیست قیمت/مهره استپ ترمز و مهره دنده عقب/مهره دنده عقب پراید.jpg
موتور فن و مقاومت فن,مقاومت فن 206,4,مقاومت فن 206 - 01 تکی.jpg,لیست قیمت/موتور فن و مقاومت فن/مقاومت فن 206.jpg
موتور فن و مقاومت فن,مقاومت فن L90,4,مقاومت فن L90 - 01 تکی.jpg,لیست قیمت/موتور فن و مقاومت فن/مقاومت فن L90.jpg
موتور فن و مقاومت فن,مقاومت فن بخاری پژو 206,4,مقاومت فن بخاری پژو 206 - 01 تکی.jpg,لیست قیمت/موتور فن و مقاومت فن/مقاومت فن بخاری پژو 206.jpg
موتور فن و مقاومت فن,مقاومت فن پراید جدید,4,مقاومت فن پراید جدید - 01 تکی.jpg,لیست قیمت/موتور فن و مقاومت فن/مقاومت فن پراید جدید.jpg
موتور فن و مقاومت فن,مقاومت فن پراید قدیم,4,مقاومت فن پراید قدیم - 01 تکی.jpg,لیست قیمت/موتور فن و مقاومت فن/مقاومت فن پراید قدیم.jpg
موتور فن و مقاومت فن,مقاومت کولر پژو ساندن,4,مقاومت کولر پژو ساندن - 01 تکی.jpg,لیست قیمت/موتور فن و مقاومت فن/مقاومت کولر پژو ساندن.jpg
موتور فن و مقاومت فن,موتور فن خاری و پیچی 405,4,موتور فن خاری و پیچی 405 - 01 تکی.jpg,لیست قیمت/موتور فن و مقاومت فن/موتور فن خاری وپیچی  405.jpg
موتور فن و مقاومت فن,موتور فن پراید تک دور,4,موتور فن پراید تک دور - 01 تکی.jpg,لیست قیمت/موتور فن و مقاومت فن/موتور فن پراید تک دور.jpg
موتور فن و مقاومت فن,موتور فن پراید دو دور,4,موتور فن پراید دو دور - 01 تکی.jpg,لیست قیمت/موتور فن و مقاومت فن/موتور فن پراید دو دور.jpg
واشر سر سیلندر منیفولد اورینگ جات,اورینگ سوزن انژکتور 405 تپل,2,اورینگ سوزن انژکتور 405 تپل - 01 مجموعه کامل.jpg,لیست قیمت/واشر سر سیلندر منیفولد اورینگ جات/اورینگ سوزن انژکتور 405 تپل.png
واشر سر سیلندر منیفولد اورینگ جات,اورینگ سوزن انژکتور زیمنس,2,اورینگ سوزن انژکتور زیمنس - 01 مجموعه کامل.jpg,لیست قیمت/واشر سر سیلندر منیفولد اورینگ جات/اورینگ سوزن انژکتور زیمنس.png
واشر سر سیلندر منیفولد اورینگ جات,اورینگ منیفولد 206 تیپ 5,2,اورینگ منیفولد 206 تیپ 5 - 01 مجموعه کامل.jpg,لیست قیمت/واشر سر سیلندر منیفولد اورینگ جات/اورینگ منیفولد 206 تیپ 5.png
واشر سر سیلندر منیفولد اورینگ جات,اورینگ منیفولد تیپ 2,2,اورینگ منیفولد تیپ 2 - 01 مجموعه کامل.jpg,لیست قیمت/واشر سر سیلندر منیفولد اورینگ جات/اورینگ منیفولد تیپ 2.png
واشر سر سیلندر منیفولد اورینگ جات,اورینگ پایه فیلتر 206,2,اورینگ پایه فیلتر 206 - 01 مجموعه کامل.jpg,لیست قیمت/واشر سر سیلندر منیفولد اورینگ جات/اورینگ پایه فیلتر 206.png
واشر سر سیلندر منیفولد اورینگ جات,عایق حرارتی 405,4,عایق حرارتی 405 - 01 تکی.jpg,لیست قیمت/واشر سر سیلندر منیفولد اورینگ جات/عایق حرارتی 405.png
واشر سر سیلندر منیفولد اورینگ جات,عایق حرارتی 405 یورو 4,4,عایق حرارتی 405 یورو 4 - 01 تکی.jpg,لیست قیمت/واشر سر سیلندر منیفولد اورینگ جات/عایق حرارتی 405 یورو 4.png
واشر سر سیلندر منیفولد اورینگ جات,هلالی کارتل پراید,2,هلالی کارتل پراید - 01 مجموعه کامل.jpg,لیست قیمت/واشر سر سیلندر منیفولد اورینگ جات/هلالی کارتل پراید.png
واشر سر سیلندر منیفولد اورینگ جات,واشر بغل اگزوز تیپ 2 و تیپ 5,4,واشر بغل اگزوز تیپ 2 و تیپ 5 - 01 تکی.jpg,لیست قیمت/واشر سر سیلندر منیفولد اورینگ جات/واشر بغل اگزوز تیپ 2 و تیپ 5.png
واشر سر سیلندر منیفولد اورینگ جات,واشر درب سوپاپ 206 تیپ 2,4,واشر درب سوپاپ 206 تیپ 2 - 01 تکی.jpg,لیست قیمت/واشر سر سیلندر منیفولد اورینگ جات/واشر درب سوپاپ 206 تیپ 2.png
واشر سر سیلندر منیفولد اورینگ جات,واشر درب سوپاپ XUP,4,واشر درب سوپاپ XUP - 01 تکی.jpg,لیست قیمت/واشر سر سیلندر منیفولد اورینگ جات/واشر درب سوپاپxup.webp
واشر سر سیلندر منیفولد اورینگ جات,واشر درب سوپاپ تیبا,4,واشر درب سوپاپ تیبا - 01 تکی.jpg,لیست قیمت/واشر سر سیلندر منیفولد اورینگ جات/واشر درب سوپاپ تیبا.png
واشر سر سیلندر منیفولد اورینگ جات,واشر درب سوپاپ تیپ 5,4,واشر درب سوپاپ تیپ 5 - 01 تکی.jpg,لیست قیمت/واشر سر سیلندر منیفولد اورینگ جات/واشر درب سوپاپ تیپ 5.png
واشر سر سیلندر منیفولد اورینگ جات,واشر درب سوپاپ پراید,2,واشر درب سوپاپ پراید - 01 مجموعه کامل.jpg,لیست قیمت/واشر سر سیلندر منیفولد اورینگ جات/واشر درب سوپاپ پراید.png
واشر سر سیلندر منیفولد اورینگ جات,واشر درب سوپاپ پیکان سیلیکونی,4,واشر درب سوپاپ پیکان سیلیکونی - 01 تکی.jpg,لیست قیمت/واشر سر سیلندر منیفولد اورینگ جات/واشر درب سوپاپ پیکان سیلیکونی.png
واشر سر سیلندر منیفولد اورینگ جات,واشر درب سوپاپ پیکان چوب پنبه ای,4,واشر درب سوپاپ پیکان چوب پنبه ای - 01 تکی.jpg,لیست قیمت/واشر سر سیلندر منیفولد اورینگ جات/واشر درب سوپاپ پیکان چوب پنبه ای.png
واشر سر سیلندر منیفولد اورینگ جات,واشر درب سوپاپ یورو 4,4,واشر درب سوپاپ یورو 4 - 01 تکی.jpg,لیست قیمت/واشر سر سیلندر منیفولد اورینگ جات/واشر درب سوپاپ یورو 4.png
واشر سر سیلندر منیفولد اورینگ جات,واشر منیفولد 405 جدید,4,واشر منیفولد 405 جدید - 01 تکی.jpg,لیست قیمت/واشر سر سیلندر منیفولد اورینگ جات/واشر منیفولد 405 جدید.png
واشر سر سیلندر منیفولد اورینگ جات,واشر منیفولد پراید آج دار,4,واشر منیفولد پراید آج دار - 01 تکی.jpg,لیست قیمت/واشر سر سیلندر منیفولد اورینگ جات/واشر منیفولد پراید آج دار.png
واشر سر سیلندر منیفولد اورینگ جات,واشر منیفولد پراید کاغذی,4,واشر منیفولد پراید کاغذی - 01 تکی.jpg,لیست قیمت/واشر سر سیلندر منیفولد اورینگ جات/واشر منیفولد پراید کاغذی.png
واشر سر سیلندر منیفولد اورینگ جات,واشر گلویی 405,2,واشر گلویی 405 - 01 مجموعه کامل.jpg,لیست قیمت/واشر سر سیلندر منیفولد اورینگ جات/واشر گلویی 405.jpg
وایر شمع,وایر شمع 2000,2,وایر شمع 2000 - 01 مجموعه کامل.jpg,لیست قیمت/وایر شمع/وایر شمع 2000.png
وایر شمع,وایر شمع 206 تیپ 2,2,وایر شمع 206 تیپ 2 - 01 مجموعه کامل.jpg,لیست قیمت/وایر شمع/وایر شمع 206 تیپ 2.jpg
وایر شمع,وایر شمع 206 تیپ 5,2,وایر شمع 206 تیپ 5 - 01 مجموعه کامل.jpg,لیست قیمت/وایر شمع/وایر شمع 206 تیپ 5.jpg
وایر شمع,وایر شمع 405 انژکتور,2,وایر شمع 405 انژکتور - 01 مجموعه کامل.jpg,لیست قیمت/وایر شمع/وایر شمع 405 انژکتور.jpg
وایر شمع,وایر شمع L90 الدور,2,وایر شمع L90 الدور - 01 مجموعه کامل.jpg,لیست قیمت/وایر شمع/وایر شمع L90 الدور.jpg
وایر شمع,وایر شمع L90 برو,2,وایر شمع L90 برو - 01 مجموعه کامل.jpg,لیست قیمت/وایر شمع/وایر شمع L90 برو.jpg
وایر شمع,وایر شمع L90 والئو,2,وایر شمع L90 والئو - 01 مجموعه کامل.jpg,لیست قیمت/وایر شمع/وایر شمع L90 والئو.jpg
وایر شمع,وایر شمع تیبا,2,وایر شمع تیبا - 01 مجموعه کامل.jpg,لیست قیمت/وایر شمع/وایر شمع تیبا.jpg
وایر شمع,وایر شمع زانتیا,2,وایر شمع زانتیا - 01 مجموعه کامل.jpg,لیست قیمت/وایر شمع/وایر شمع زانتیا.jpg
وایر شمع,وایر شمع سمند ملی,2,وایر شمع سمند ملی - 01 مجموعه کامل.jpg,لیست قیمت/وایر شمع/وایر شمع سمند ملی.jpg
وایر شمع,وایر شمع پراید زیمنس,2,وایر شمع پراید زیمنس - 01 مجموعه کامل.jpg,لیست قیمت/وایر شمع/وایر شمع پراید زیمنس.jpg
وایر شمع,وایر شمع پراید ساژم,2,وایر شمع پراید ساژم - 01 مجموعه کامل.jpg,لیست قیمت/وایر شمع/وایر شمع پراید ساژم.jpg
وایر شمع,وایر شمع پیکان انژکتور,2,وایر شمع پیکان انژکتور - 01 مجموعه کامل.jpg,لیست قیمت/وایر شمع/وایر شمع پیکان انژکتور.jpg
پتانسیومتر دریچه گاز,سنسور دریچه گاز 206 پلاستیکی,4,سنسور دریچه گاز 206 پلاستیکی - 01 تکی.jpg,لیست قیمت/پتانسیومتر دریچه گاز/سنسور دریچه گاز 206 پلاستیکی.png
پتانسیومتر دریچه گاز,سنسور دریچه گاز 206 پلاستیکی - فلزی,4,سنسور دریچه گاز 206 پلاستیکی - فلزی - 01 مجموعه کامل.jpg,لیست قیمت/پتانسیومتر دریچه گاز/سنسور دریچه گاز 206 پلاستیکی-فلزی.jpg
پتانسیومتر دریچه گاز,سنسور دریچه گاز SSAT,4,سنسور دریچه گاز SSAT - 01 تکی.jpg,لیست قیمت/پتانسیومتر دریچه گاز/سنسور دریچه گاز SSAT.jpg
پتانسیومتر دریچه گاز,سنسور دریچه گاز تیبا,4,سنسور دریچه گاز تیبا - 01 تکی.jpg,لیست قیمت/پتانسیومتر دریچه گاز/سنسور دریچه گاز تیبا.jpg
پتانسیومتر دریچه گاز,سنسور دریچه گاز زیمنس,4,سنسور دریچه گاز زیمنس - 01 تکی.jpg,لیست قیمت/پتانسیومتر دریچه گاز/سنسور دریچه گاز زیمنس.jpg
پتانسیومتر دریچه گاز,سنسور دریچه گاز سمند ملی و رانا,4,سنسور دریچه گاز سمند ملی و رانا - 01 تکی.jpg,لیست قیمت/پتانسیومتر دریچه گاز/سنسور دریچه گاز سمند ملی و رانا.jpg
پتانسیومتر دریچه گاز,سنسور دریچه گاز نیسان - زانتیا,4,سنسور دریچه گاز نیسان - زانتیا - 01 تکی.jpg,لیست قیمت/پتانسیومتر دریچه گاز/سنسور دریچه گاز نیسان-زانتیا.jpg
پتانسیومتر دریچه گاز,سنسور دریچه گاز پراید جدید,4,سنسور دریچه گاز پراید جدید - 01 تکی.jpg,لیست قیمت/پتانسیومتر دریچه گاز/سنسور دریچه گاز پراید جدید.jpg
پتانسیومتر دریچه گاز,سنسور دریچه گاز پراید ساژم,4,سنسور دریچه گاز پراید ساژم - 01 تکی.jpg,لیست قیمت/پتانسیومتر دریچه گاز/سنسور دریچه گاز پراید ساژم.jpg
پتانسیومتر دریچه گاز,سنسور دریچه گاز پراید فلش,4,سنسور دریچه گاز پراید فلش - 01 تکی.jpg,لیست قیمت/پتانسیومتر دریچه گاز/سنسور دریچه گاز پراید فلش.jpg
پتانسیومتر دریچه گاز,مپ سنسور 206,4,مپ سنسور 206 - 01 تکی.jpg,لیست قیمت/پتانسیومتر دریچه گاز/مپ سنسور 206.png
پتانسیومتر دریچه گاز,مپ سنسور پیکان,4,مپ سنسور پیکان - 01 تکی.jpg,لیست قیمت/پتانسیومتر دریچه گاز/مپ سنسور پیکان.jpg
پتانسیومتر دریچه گاز,پتانسیومتر دریچه گاز ساژم,4,پتانسیومتر دریچه گاز ساژم - 01 تکی.jpg,لیست قیمت/پتانسیومتر دریچه گاز/پتانسیومتر دریچه گاز ساژم.jpg
پمپ شیشه شور,پمپ شیشه شور 206 SD,4,پمپ شیشه شور 206 SD - 01 تکی.jpg,لیست قیمت/پمپ شیشه شور/پمپ شیشه شور 206 SD.jpg
پمپ شیشه شور,پمپ شیشه شور 206 هاچ بک,4,پمپ شیشه شور 206 هاچ بک - 01 تکی.jpg,لیست قیمت/پمپ شیشه شور/پمپ شیشه شور 206 هاچ بک.jpg
پمپ شیشه شور,پمپ شیشه شور 405 بی سیم,4,پمپ شیشه شور 405 بی سیم - 01 تکی.jpg,لیست قیمت/پمپ شیشه شور/پمپ شیشه شور 405 بی سیم.jpg
پمپ شیشه شور,پمپ شیشه شور L90,4,پمپ شیشه شور L90 - 01 تکی.jpg,لیست قیمت/پمپ شیشه شور/پمپ شیشه شور L90.jpg
پمپ شیشه شور,پمپ شیشه شور پراید سیم بلند و کوتاه,4,پمپ شیشه شور پراید سیم بلند و کوتاه - 01 تکی.jpg,لیست قیمت/پمپ شیشه شور/پمپ شیشه شور پراید سیم بلند و کوتاه.jpg
پنل بخاری,پنل بخاری 206 تیپ 2,4,پنل بخاری 206 تیپ 2 - 01 تکی.jpg,لیست قیمت/پنل بخاری/پنل بخاری 206 تیپ 2.jpg
پنل بخاری,پنل چرخشی دو سوکت 405,4,پنل چرخشی دو سوکت 405 - 01 تکی.jpg,لیست قیمت/پنل بخاری/پنل چرخشی دو سوکت 405.jpg
پنل بخاری,پنل کشویی 405,4,پنل کشویی 405 - 01 تکی.jpg,لیست قیمت/پنل بخاری/پنل کشویی 405.jpg
کلید شیشه بالابر,کلید بالابر عقب 206,4,کلید بالابر عقب 206 - 01 تکی.jpg,لیست قیمت/کلید شیشه بالابر/کلید بالابر عقب 206.jpg
کلید شیشه بالابر,کلید بالابر عقب L90 R - L,4,کلید بالابر عقب L90 R - L - 01 تکی.jpg,لیست قیمت/کلید شیشه بالابر/کلید بالابر عقب L90 R-L.jpg
کلید شیشه بالابر,کلید شیشه بالابر 206 تیپ 2 قدیم و جدید,4,کلید شیشه بالابر 206 تیپ 2 قدیم و جدید - 01 تکی.jpg,لیست قیمت/کلید شیشه بالابر/کلید شیشه بالابر 206 تیپ 2 قدیم و جدید.jpg
کلید شیشه بالابر,کلید شیشه بالابر 206 تیپ 5 قدیم و جدید,4,کلید شیشه بالابر 206 تیپ 5 قدیم و جدید - 01 تکی.jpg,لیست قیمت/کلید شیشه بالابر/کلید شیشه بالابر 206 تیپ 5 قدیم و جدید.jpg
کلید شیشه بالابر,کلید شیشه بالابر 405 ات و ساده,4,کلید شیشه بالابر 405 ات و ساده - 01 مجموعه کامل.jpg,لیست قیمت/کلید شیشه بالابر/کلید شیشه بالابر 405 ات و ساده.jpg
کلید شیشه بالابر,کلید شیشه بالابر SLX تک پل,4,کلید شیشه بالابر SLX تک پل - 01 تکی.jpg,لیست قیمت/کلید شیشه بالابر/کلید شیشه بالابر SLX تک پل.jpg
کلید شیشه بالابر,کلید شیشه بالابر SLX دو پل جلو,4,کلید شیشه بالابر SLX دو پل جلو - 01 تکی.jpg,لیست قیمت/کلید شیشه بالابر/کلید شیشه بالابر SLX دو پل جلو.jpg
کلید شیشه بالابر,کلید شیشه بالابر SLX دو پل عقب,4,کلید شیشه بالابر SLX دو پل عقب - 01 تکی.jpg,لیست قیمت/کلید شیشه بالابر/کلید شیشه بالابر SLX دو پل عقب.jpg
کلید شیشه بالابر,کلید شیشه بالابر جلو L90 R - L,4,کلید شیشه بالابر جلو L90 R - L - 01 تکی.jpg,لیست قیمت/کلید شیشه بالابر/کلید شیشه بالابر جلو L90 R-L.jpg
کلید شیشه بالابر,کلید شیشه بالابر زانتیا L - R,4,کلید شیشه بالابر زانتیا L - R - 01 مجموعه کامل.jpg,لیست قیمت/کلید شیشه بالابر/کلید شیشه بالابر زانتیا L-R.jpg
کلید شیشه بالابر,کلید شیشه بالابر سمند ساده واتو,4,کلید شیشه بالابر سمند ساده واتو - 01 مجموعه کامل.jpg,لیست قیمت/کلید شیشه بالابر/کلید شیشه بالابر سمند ساده واتو.jpg
کلید شیشه بالابر,کلید شیشه بالابر پراید 131 تک پل و دو پل,4,کلید شیشه بالابر پراید 131 تک پل و دو پل - 01 مجموعه کامل.jpg,لیست قیمت/کلید شیشه بالابر/کلید شیشه بالابر پراید 131 تک پل و دو پل.jpg
کلید شیشه بالابر,کلید شیشه بالابر پراید قدیم تک پل و دو پل,4,کلید شیشه بالابر پراید قدیم تک پل و دو پل - 01 مجموعه کامل.jpg,لیست قیمت/کلید شیشه بالابر/کلید شیشه بالابر پراید قدیم تک پل و دو پل.jpg
کلید فلاشر گرمکن پرژکتور بخاری,کلید آنتن پراید 141,4,کلید آنتن پراید 141 - 01 تکی.jpg,لیست قیمت/کلید فلاشر گرمکن پرژکتور بخاری/کلید آنتن پراید 141.jpg
کلید فلاشر گرمکن پرژکتور بخاری,کلید آنتن پراید قدیم,4,کلید آنتن پراید قدیم - 01 تکی.jpg,لیست قیمت/کلید فلاشر گرمکن پرژکتور بخاری/کلید آنتن پراید قدیم.jpg
کلید فلاشر گرمکن پرژکتور بخاری,کلید تنظیم آینه 405,4,کلید تنظیم آینه 405 - 01 تکی.jpg,لیست قیمت/کلید فلاشر گرمکن پرژکتور بخاری/کلید تنظیم آینه 405.jpg
کلید فلاشر گرمکن پرژکتور بخاری,کلید تنظیم آینه L90,4,کلید تنظیم آینه L90 - 01 تکی.jpg,لیست قیمت/کلید فلاشر گرمکن پرژکتور بخاری/کلید تنظیم آینه L90.jpg
کلید فلاشر گرمکن پرژکتور بخاری,کلید صندوق پران SLX,4,کلید صندوق پران SLX - 01 تکی.jpg,لیست قیمت/کلید فلاشر گرمکن پرژکتور بخاری/کلید صندوق پران SLX.jpg
کلید فلاشر گرمکن پرژکتور بخاری,کلید صندوق پران پراید 141,4,کلید صندوق پران پراید 141 - 01 تکی.jpg,لیست قیمت/کلید فلاشر گرمکن پرژکتور بخاری/کلید صندوق پران پراید 141.jpg
کلید فلاشر گرمکن پرژکتور بخاری,کلید فلاشر 405,4,کلید فلاشر 405 - 01 تکی.jpg,لیست قیمت/کلید فلاشر گرمکن پرژکتور بخاری/کلید فلاشر 405.jpg
کلید فلاشر گرمکن پرژکتور بخاری,کلید فلاشر 405 SLX,4,کلید فلاشر 405 SLX - 01 تکی.jpg,لیست قیمت/کلید فلاشر گرمکن پرژکتور بخاری/کلید فلاشر 405 SLX.jpg
کلید فلاشر گرمکن پرژکتور بخاری,کلید فلاشر سمند,4,کلید فلاشر سمند - 01 تکی.jpg,لیست قیمت/کلید فلاشر گرمکن پرژکتور بخاری/کلید فلاشر سمند.jpg
کلید فلاشر گرمکن پرژکتور بخاری,کلید فلاشر پژو 206,4,کلید فلاشر پژو 206 - 01 تکی.jpg,لیست قیمت/کلید فلاشر گرمکن پرژکتور بخاری/کلید فلاشر پژو 206.jpg
کلید فلاشر گرمکن پرژکتور بخاری,کلید فلاشر پیکان,4,کلید فلاشر پیکان - 01 تکی.jpg,لیست قیمت/کلید فلاشر گرمکن پرژکتور بخاری/کلید فلاشر پیکان.jpg
کلید فلاشر گرمکن پرژکتور بخاری,کلید ملودی و جاسیگاری,2,کلید ملودی و جاسیگاری - 01 مجموعه کامل.jpg,لیست قیمت/کلید فلاشر گرمکن پرژکتور بخاری/کلید ملودی و جاسیگاری.jpg
کلید فلاشر گرمکن پرژکتور بخاری,کلید مه شکن 405,4,کلید مه شکن 405 - 01 تکی.jpg,لیست قیمت/کلید فلاشر گرمکن پرژکتور بخاری/کلید مه شکن 405.jpg
کلید فلاشر گرمکن پرژکتور بخاری,کلید مه شکن پراید 131,4,کلید مه شکن پراید 131 - 01 تکی.jpg,لیست قیمت/کلید فلاشر گرمکن پرژکتور بخاری/کلید مه شکن پراید 131.jpg
کلید فلاشر گرمکن پرژکتور بخاری,کلید مه شکن پراید قدیم,4,کلید مه شکن پراید قدیم - 01 تکی.jpg,لیست قیمت/کلید فلاشر گرمکن پرژکتور بخاری/کلید مه شکن پراید قدیم.jpg
کلید فلاشر گرمکن پرژکتور بخاری,کلید پرژکتور پرشیا,4,کلید پرژکتور پرشیا - 01 تکی.jpg,لیست قیمت/کلید فلاشر گرمکن پرژکتور بخاری/کلید پرژکتور پرشیا.jpg
کلید فلاشر گرمکن پرژکتور بخاری,کلید گرم کن پراید 131,4,کلید گرم کن پراید 131 - 01 تکی.jpg,لیست قیمت/کلید فلاشر گرمکن پرژکتور بخاری/کلید گرم کن پراید 131.jpg
کلید فلاشر گرمکن پرژکتور بخاری,کلید گرم کن پراید قدیم,4,کلید گرم کن پراید قدیم - 01 تکی.jpg,لیست قیمت/کلید فلاشر گرمکن پرژکتور بخاری/کلید گرم کن پراید قدیم.jpg
کلید فلاشر گرمکن پرژکتور بخاری,کلید گرمکن 405,4,کلید گرمکن 405 - 01 تکی.jpg,لیست قیمت/کلید فلاشر گرمکن پرژکتور بخاری/کلید گرمکن 405.jpg
کلید فلاشر گرمکن پرژکتور بخاری,کلید گرمکن L90,4,کلید گرمکن L90 - 01 تکی.jpg,لیست قیمت/کلید فلاشر گرمکن پرژکتور بخاری/کلید گرمکن L90.jpg
کلید فلاشر گرمکن پرژکتور بخاری,کلید گرمکن سمند,4,کلید گرمکن سمند - 01 تکی.jpg,لیست قیمت/کلید فلاشر گرمکن پرژکتور بخاری/کلید گرمکن سمند.jpg
کوئل,کوئل 206 تیپ 2 جدید,4,کوئل 206 تیپ 2 جدید - 01 تکی.jpg,لیست قیمت/کوئل/کوئل 206 تیپ 2 جدید.jpg
کوئل,کوئل L90,4,کوئل L90 - 01 تکی.jpg,لیست قیمت/کوئل/کوئل L90.jpg
کوئل,کوئل TU3,4,کوئل TU3 - 01 تکی.jpg,لیست قیمت/کوئل/tu3.jpg
کوئل,کوئل تکی پراید,2,کوئل تکی پراید - 01 مجموعه کامل.jpg,لیست قیمت/کوئل/کوئل تکی پراید.jpg
کوئل,کوئل تیپ 2 سوکت وسط,4,کوئل تیپ 2 سوکت وسط - 01 تکی.jpg,لیست قیمت/کوئل/کوئل تیپ 2 سوکت وسط.jpg
کوئل,کوئل تیپ 5,4,کوئل تیپ 5 - 01 تکی.jpg,لیست قیمت/کوئل/کوئل تیپ 5.jpg
کوئل,کوئل دوبل,4,کوئل دوبل - 01 تکی.jpg,لیست قیمت/کوئل/کوئل دوبل.jpg
کوئل,کوئل دوبل مدل بوش,4,کوئل دوبل مدل بوش - 01 تکی.jpg,لیست قیمت/کوئل/کوئل دوبل مدل بوش.png
کوئل,کوئل رانا,4,کوئل رانا - 01 تکی.jpg,لیست قیمت/کوئل/کوئل رانا.jpg
کوئل,کوئل زانتیا,4,کوئل زانتیا - 01 تکی.jpg,لیست قیمت/کوئل/کوئل زانتیا.jpg
کوئل,کوئل زیمنس پژو - پراید میخ دار و بدون میخ,4,کوئل زیمنس پژو - پراید میخ دار و بدون میخ - 01 تکی.jpg,لیست قیمت/کوئل/کوئل زیمنس پژو - پراید میخ دار و بدون میخ.jpg
کوئل,کوئل سمند ملی,4,کوئل سمند ملی - 01 تکی.jpg,لیست قیمت/کوئل/کوئل سمند ملی.jpg
کوئل,کوئل پراید جدید,4,کوئل پراید جدید - 01 تکی.jpg,لیست قیمت/کوئل/کوئل پراید جدید.jpg
کوئل,کوئل پژو 2000,4,کوئل پژو 2000 - 01 تکی.jpg,لیست قیمت/کوئل/کوئل پژو 2000.jpg
کوئل,کوئل پژو جدید,4,کوئل پژو جدید - 01 تکی.jpg,لیست قیمت/کوئل/کوئل پژو جدید.jpg
